"Share of assets in C corps, by industries and asset types",,,,,,,,,,,,,,,,,,,,,,,,,,,,,,,,,,,,,,,,,,,,,,,,,,,,,,,,,,,,,,,,,,,,,,,,,,,,,,,,,,,,,
Industries/Asset types,Computers and peripheral equipment,Communication equipment,Nonelectronic medical instruments,Electronic medical instruments,Nonmedical instruments,Photocopy and related equipment,Office and accounting equipment,Nuclear fuel,Other fabricated metal products,Steam engines,Internal combustion engines,Metalworking machinery,"Special industrial machinery, n.e.c.",General industrial equipment,"Electric transmission, distribution and industrial apparatus",Light trucks (including utility vehicles),"Other trucks, buses, and truck trailers",Autos,Aircraft,Ships and boats,Railroad equipment,Household furniture,Other furniture and fixtures,Other agricultural machinery,Farm tractors,Other construction machinery,Construction tractors,Mining and oilfield machinery,Service industry machinery,Household appliances,"Other electrical equipment, n.e.c",Other nonresidential equipment,Office and medical buildings,Hospitals and special care facilities,Warehouses,Mobile structures,Other commercial buildings,Manufacturing buildings,Regulated electric power structures,Unregulated electric power structures,Regulated wind and solar power structures,Unregulated wind and solar power structures,Gas power structures,Petroleum pipelines,Communication structures,Depreciable petroleum and natural gas structures,Depreciable mining structures,Religious buildings,Educational and vocational buildings,Lodging buildings,Amusement and recreation buildings,Track replacement,Other railroad structures,Other transportation structures,Farm buildings,Water supply and sewer and waste disposal facilities,"Public safety, highways, conservation, and development",Oil and gas exploration (geological and geophysical)--integrated,Oil and gas exploration (geological and geophysical)--independent,Oil and gas development (intangible drilling costs)--integrated,Oil and gas development (intangible drilling costs)--independent,Other mineral exploration--C corps,Other mineral exploration--pass-throughs,Other mineral development--C corps,Other mineral development--pass-throughs,Prepackaged software,Custom software,Credit-eligible own account software,Other own-account software,Credit-eligible research and development,Other research and development,Theatrical movies,Long-lived television programs,Books,Music,Other entertainment originals,Reserved for non-BEA intangibles,Reserved for non-BEA intangibles,Residential equipment,Residential buildings,Inventories,Land,Reserved for non-BEA natural resources,Reserved for non-BEA natural resources,Reserved for non-BEA natural resources
Farms,0.1627,0.1627,0.1627,0.1627,0.1627,0.1627,0.1627,0.1627,0.1627,0.1627,0.1627,0.1627,0.1627,0.1627,0.1627,0.1627,0.1627,0.1627,0.1627,0.1627,0.1627,0.1627,0.1627,0.1627,0.1627,0.1627,0.1627,0.1627,0.1627,0.1627,0.1627,0.1627,0.1627,0.1627,0.1627,0.1627,0.1627,0.1627,0.1627,0.1627,0.1627,0.1627,0.1627,0.1627,0.1627,0.1627,0.1627,0.1627,0.1627,0.1627,0.1627,0.1627,0.1627,0.1627,0.1627,0.1627,0.1627,1,0.1627,1,0,1,0,1,0,0,0,0,0,0,0,0,0,0,0,0,0,0,0.1627,0.1627,0.1856,0.1461,0,0,0
"Forestry,_Fishing,_and_Related_Activites",0.2223,0.2223,0.2223,0.2223,0.2223,0.2223,0.2223,0.2223,0.2223,0.2223,0.2223,0.2223,0.2223,0.2223,0.2223,0.2223,0.2223,0.2223,0.2223,0.2223,0.2223,0.2223,0.2223,0.2223,0.2223,0.2223,0.2223,0.2223,0.2223,0.2223,0.2223,0.2223,0.2223,0.2223,0.2223,0.2223,0.2223,0.2223,0.2223,0.2223,0.2223,0.2223,0.2223,0.2223,0.2223,0.2223,0.2223,0.2223,0.2223,0.2223,0.2223,0.2223,0.2223,0.2223,0.2223,0.2223,0.2223,1,0.2223,1,0.3754,1,0,1,0,0.3754,0.3754,0,0,0,0,0.3754,0.3754,0.3754,0.3754,0.3754,0,0,0.2223,0.2223,0.2355,0.2348,0,0,0
Oil_and_Gas_Extraction,0.9144,0.9144,0.9144,0.9144,0.9144,0.9144,0.9144,0.9144,0.9144,0.9144,0.9144,0.9144,0.9144,0.9144,0.9144,0.9144,0.9144,0.9144,0.9144,0.9144,0.9144,0.9144,0.9144,0.9144,0.9144,0.9144,0.9144,0.9144,0.9144,0.9144,0.9144,0.9144,0.9144,0.9144,0.9144,0.9144,0.9144,0.9144,0.9144,0.9144,0.9144,0.9144,0.9144,0.9144,0.9144,0.9144,0.9144,0.9144,0.9144,0.9144,0.9144,0.9144,0.9144,0.9144,0.9144,0.9144,0.9144,1,0.9144,1,0.9421,1,0,1,0,0.9421,0.9421,0.9335,0.9306,0.9335,0.9306,0.9421,0.9421,0.9421,0.9421,0.9421,0,0,0.9144,0.9144,0.8202,0.6925,0,0,0
Mining_(Except_Oil_and_Gas),0.8627,0.8627,0.8627,0.8627,0.8627,0.8627,0.8627,0.8627,0.8627,0.8627,0.8627,0.8627,0.8627,0.8627,0.8627,0.8627,0.8627,0.8627,0.8627,0.8627,0.8627,0.8627,0.8627,0.8627,0.8627,0.8627,0.8627,0.8627,0.8627,0.8627,0.8627,0.8627,0.8627,0.8627,0.8627,0.8627,0.8627,0.8627,0.8627,0.8627,0.8627,0.8627,0.8627,0.8627,0.8627,0.8627,0.8627,0.8627,0.8627,0.8627,0.8627,0.8627,0.8627,0.8627,0.8627,0.8627,0.8627,1,0.8627,1,0.8718,1,0,1,0,0.8718,0.8718,0.8723,0.8641,0.8723,0.8641,0.8718,0.8718,0.8718,0.8718,0.8718,0,0,0.8627,0.8627,0.8769,0.7962,0,0,0
Support_Activities_For_Mining,0.8216,0.8216,0.8216,0.8216,0.8216,0.8216,0.8216,0.8216,0.8216,0.8216,0.8216,0.8216,0.8216,0.8216,0.8216,0.8216,0.8216,0.8216,0.8216,0.8216,0.8216,0.8216,0.8216,0.8216,0.8216,0.8216,0.8216,0.8216,0.8216,0.8216,0.8216,0.8216,0.8216,0.8216,0.8216,0.8216,0.8216,0.8216,0.8216,0.8216,0.8216,0.8216,0.8216,0.8216,0.8216,0.8216,0.8216,0.8216,0.8216,0.8216,0.8216,0.8216,0.8216,0.8216,0.8216,0.8216,0.8216,1,0.8216,1,0.813,1,0,1,0,0.813,0.813,0.8196,0.8118,0.8196,0.8118,0.813,0.813,0.813,0.813,0.813,0,0,0.8216,0.8216,0.8315,0.6839,0,0,0
Electric_Power,0.7494,0.7494,0.7494,0.7494,0.7494,0.7494,0.7494,0.7494,0.7494,0.7494,0.7494,0.7494,0.7494,0.7494,0.7494,0.7494,0.7494,0.7494,0.7494,0.7494,0.7494,0.7494,0.7494,0.7494,0.7494,0.7494,0.7494,0.7494,0.7494,0.7494,0.7494,0.7494,0.7494,0.7494,0.7494,0.7494,0.7494,0.7494,0.7494,0.7494,0.7494,0.7494,0.7494,0.7494,0.7494,0.7494,0.7494,0.7494,0.7494,0.7494,0.7494,0.7494,0.7494,0.7494,0.7494,0.7494,0.7494,1,0.7494,1,0.8294,1,0,1,0,0.8294,0.8294,0.9962,0.6459,0.9962,0.6459,0.8294,0.8294,0.8294,0.8294,0.8294,0,0,0.7494,0.7494,0.8839,0.7269,0,0,0
Natural_Gas_Distribution_and_Transmission,0.9703,0.9703,0.9703,0.9703,0.9703,0.9703,0.9703,0.9703,0.9703,0.9703,0.9703,0.9703,0.9703,0.9703,0.9703,0.9703,0.9703,0.9703,0.9703,0.9703,0.9703,0.9703,0.9703,0.9703,0.9703,0.9703,0.9703,0.9703,0.9703,0.9703,0.9703,0.9703,0.9703,0.9703,0.9703,0.9703,0.9703,0.9703,0.9703,0.9703,0.9703,0.9703,0.9703,0.9703,0.9703,0.9703,0.9703,0.9703,0.9703,0.9703,0.9703,0.9703,0.9703,0.9703,0.9703,0.9703,0.9703,1,0.9703,1,0.981,1,0,1,0,0.981,0.981,0.9841,0.9688,0.9841,0.9688,0.981,0.981,0.981,0.981,0.981,0,0,0.9703,0.9703,0.9563,0.9598,0,0,0
Water_and_Sewer_Systems,0.6999,0.6999,0.6999,0.6999,0.6999,0.6999,0.6999,0.6999,0.6999,0.6999,0.6999,0.6999,0.6999,0.6999,0.6999,0.6999,0.6999,0.6999,0.6999,0.6999,0.6999,0.6999,0.6999,0.6999,0.6999,0.6999,0.6999,0.6999,0.6999,0.6999,0.6999,0.6999,0.6999,0.6999,0.6999,0.6999,0.6999,0.6999,0.6999,0.6999,0.6999,0.6999,0.6999,0.6999,0.6999,0.6999,0.6999,0.6999,0.6999,0.6999,0.6999,0.6999,0.6999,0.6999,0.6999,0.6999,0.6999,1,0.6999,1,0.7941,1,0,1,0,0.7941,0.7941,0.9841,0.5951,0.9841,0.5951,0.7941,0.7941,0.7941,0.7941,0.7941,0,0,0.6999,0.6999,0.7329,0.7034,0,0,0
Construction,0.3862,0.3862,0.3862,0.3862,0.3862,0.3862,0.3862,0.3862,0.3862,0.3862,0.3862,0.3862,0.3862,0.3862,0.3862,0.3862,0.3862,0.3862,0.3862,0.3862,0.3862,0.3862,0.3862,0.3862,0.3862,0.3862,0.3862,0.3862,0.3862,0.3862,0.3862,0.3862,0.3862,0.3862,0.3862,0.3862,0.3862,0.3862,0.3862,0.3862,0.3862,0.3862,0.3862,0.3862,0.3862,0.3862,0.3862,0.3862,0.3862,0.3862,0.3862,0.3862,0.3862,0.3862,0.3862,0.3862,0.3862,1,0.3862,1,0.827,1,0,1,0,0.827,0.827,0.6706,0.6686,0.6706,0.6686,0.827,0.827,0.827,0.827,0.827,0,0,0.3862,0.3862,0.5482,0.3638,0,0,0
Food_Manufacturing,0.8253,0.8253,0.8253,0.8253,0.8253,0.8253,0.8253,0.8253,0.8253,0.8253,0.8253,0.8253,0.8253,0.8253,0.8253,0.8253,0.8253,0.8253,0.8253,0.8253,0.8253,0.8253,0.8253,0.8253,0.8253,0.8253,0.8253,0.8253,0.8253,0.8253,0.8253,0.8253,0.8253,0.8253,0.8253,0.8253,0.8253,0.8253,0.8253,0.8253,0.8253,0.8253,0.8253,0.8253,0.8253,0.8253,0.8253,0.8253,0.8253,0.8253,0.8253,0.8253,0.8253,0.8253,0.8253,0.8253,0.8253,1,0.8253,1,0.9745,1,0,1,0,0.9745,0.9745,0.9223,0.919,0.9223,0.919,0.9745,0.9745,0.9745,0.9745,0.9745,0,0,0.8253,0.8253,0.7916,0.8454,0,0,0
"Beverage,_and_Tobacco_Product_Manufacturing",0.825,0.825,0.825,0.825,0.825,0.825,0.825,0.825,0.825,0.825,0.825,0.825,0.825,0.825,0.825,0.825,0.825,0.825,0.825,0.825,0.825,0.825,0.825,0.825,0.825,0.825,0.825,0.825,0.825,0.825,0.825,0.825,0.825,0.825,0.825,0.825,0.825,0.825,0.825,0.825,0.825,0.825,0.825,0.825,0.825,0.825,0.825,0.825,0.825,0.825,0.825,0.825,0.825,0.825,0.825,0.825,0.825,1,0.825,1,0.9811,1,0,1,0,0.9811,0.9811,0.9255,0.925,0.9255,0.925,0.9811,0.9811,0.9811,0.9811,0.9811,0,0,0.825,0.825,0.7948,0.8151,0,0,0
Textile_and_Textile_Product_Mills,0.818,0.818,0.818,0.818,0.818,0.818,0.818,0.818,0.818,0.818,0.818,0.818,0.818,0.818,0.818,0.818,0.818,0.818,0.818,0.818,0.818,0.818,0.818,0.818,0.818,0.818,0.818,0.818,0.818,0.818,0.818,0.818,0.818,0.818,0.818,0.818,0.818,0.818,0.818,0.818,0.818,0.818,0.818,0.818,0.818,0.818,0.818,0.818,0.818,0.818,0.818,0.818,0.818,0.818,0.818,0.818,0.818,1,0.818,1,0.8887,1,0,1,0,0.8887,0.8887,0.8711,0.8471,0.8711,0.8471,0.8887,0.8887,0.8887,0.8887,0.8887,0,0,0.818,0.818,0.7051,0.7859,0,0,0
"Apparel,_Leather,_and_Allied_Products_Manufacturing",0.596,0.596,0.596,0.596,0.596,0.596,0.596,0.596,0.596,0.596,0.596,0.596,0.596,0.596,0.596,0.596,0.596,0.596,0.596,0.596,0.596,0.596,0.596,0.596,0.596,0.596,0.596,0.596,0.596,0.596,0.596,0.596,0.596,0.596,0.596,0.596,0.596,0.596,0.596,0.596,0.596,0.596,0.596,0.596,0.596,0.596,0.596,0.596,0.596,0.596,0.596,0.596,0.596,0.596,0.596,0.596,0.596,1,0.596,1,0.8853,1,0,1,0,0.8853,0.8853,0.8267,0.6987,0.8267,0.6987,0.8853,0.8853,0.8853,0.8853,0.8853,0,0,0.596,0.596,0.5446,0.5687,0,0,0
Wood_Product_Manufacturing,0.7132,0.7132,0.7132,0.7132,0.7132,0.7132,0.7132,0.7132,0.7132,0.7132,0.7132,0.7132,0.7132,0.7132,0.7132,0.7132,0.7132,0.7132,0.7132,0.7132,0.7132,0.7132,0.7132,0.7132,0.7132,0.7132,0.7132,0.7132,0.7132,0.7132,0.7132,0.7132,0.7132,0.7132,0.7132,0.7132,0.7132,0.7132,0.7132,0.7132,0.7132,0.7132,0.7132,0.7132,0.7132,0.7132,0.7132,0.7132,0.7132,0.7132,0.7132,0.7132,0.7132,0.7132,0.7132,0.7132,0.7132,1,0.7132,1,0.8174,1,0,1,0,0.8174,0.8174,0.7808,0.779,0.7808,0.779,0.8174,0.8174,0.8174,0.8174,0.8174,0,0,0.7132,0.7132,0.6135,0.4648,0,0,0
Paper_Manufacturing,0.8885,0.8885,0.8885,0.8885,0.8885,0.8885,0.8885,0.8885,0.8885,0.8885,0.8885,0.8885,0.8885,0.8885,0.8885,0.8885,0.8885,0.8885,0.8885,0.8885,0.8885,0.8885,0.8885,0.8885,0.8885,0.8885,0.8885,0.8885,0.8885,0.8885,0.8885,0.8885,0.8885,0.8885,0.8885,0.8885,0.8885,0.8885,0.8885,0.8885,0.8885,0.8885,0.8885,0.8885,0.8885,0.8885,0.8885,0.8885,0.8885,0.8885,0.8885,0.8885,0.8885,0.8885,0.8885,0.8885,0.8885,1,0.8885,1,0.9367,1,0,1,0,0.9367,0.9367,0.9215,0.9151,0.9215,0.9151,0.9367,0.9367,0.9367,0.9367,0.9367,0,0,0.8885,0.8885,0.8224,0.8738,0,0,0
Printing_and_Related_Support_Activities,0.5991,0.5991,0.5991,0.5991,0.5991,0.5991,0.5991,0.5991,0.5991,0.5991,0.5991,0.5991,0.5991,0.5991,0.5991,0.5991,0.5991,0.5991,0.5991,0.5991,0.5991,0.5991,0.5991,0.5991,0.5991,0.5991,0.5991,0.5991,0.5991,0.5991,0.5991,0.5991,0.5991,0.5991,0.5991,0.5991,0.5991,0.5991,0.5991,0.5991,0.5991,0.5991,0.5991,0.5991,0.5991,0.5991,0.5991,0.5991,0.5991,0.5991,0.5991,0.5991,0.5991,0.5991,0.5991,0.5991,0.5991,1,0.5991,1,0.9128,1,0,1,0,0.9128,0.9128,0.8017,0.799,0.8017,0.799,0.9128,0.9128,0.9128,0.9128,0.9128,0,0,0.5991,0.5991,0.6298,0.6988,0,0,0
Petroleum_and_Coal_Products_Manufacturing,0.9859,0.9859,0.9859,0.9859,0.9859,0.9859,0.9859,0.9859,0.9859,0.9859,0.9859,0.9859,0.9859,0.9859,0.9859,0.9859,0.9859,0.9859,0.9859,0.9859,0.9859,0.9859,0.9859,0.9859,0.9859,0.9859,0.9859,0.9859,0.9859,0.9859,0.9859,0.9859,0.9859,0.9859,0.9859,0.9859,0.9859,0.9859,0.9859,0.9859,0.9859,0.9859,0.9859,0.9859,0.9859,0.9859,0.9859,0.9859,0.9859,0.9859,0.9859,0.9859,0.9859,0.9859,0.9859,0.9859,0.9859,1,0.9859,1,0.963,1,0,1,0,0.963,0.963,0.9711,0.9711,0.9711,0.9711,0.963,0.963,0.963,0.963,0.963,0,0,0.9859,0.9859,0.9572,0.9875,0,0,0
Chemical_Manufacturing,0.9653,0.9653,0.9653,0.9653,0.9653,0.9653,0.9653,0.9653,0.9653,0.9653,0.9653,0.9653,0.9653,0.9653,0.9653,0.9653,0.9653,0.9653,0.9653,0.9653,0.9653,0.9653,0.9653,0.9653,0.9653,0.9653,0.9653,0.9653,0.9653,0.9653,0.9653,0.9653,0.9653,0.9653,0.9653,0.9653,0.9653,0.9653,0.9653,0.9653,0.9653,0.9653,0.9653,0.9653,0.9653,0.9653,0.9653,0.9653,0.9653,0.9653,0.9653,0.9653,0.9653,0.9653,0.9653,0.9653,0.9653,1,0.9653,1,0.9893,1,0,1,0,0.9893,0.9893,0.9825,0.9769,0.9825,0.9769,0.9893,0.9893,0.9893,0.9893,0.9893,0,0,0.9653,0.9653,0.9469,0.9585,0,0,0
Plastics_and_Rubber_Products_Manufacturing,0.814,0.814,0.814,0.814,0.814,0.814,0.814,0.814,0.814,0.814,0.814,0.814,0.814,0.814,0.814,0.814,0.814,0.814,0.814,0.814,0.814,0.814,0.814,0.814,0.814,0.814,0.814,0.814,0.814,0.814,0.814,0.814,0.814,0.814,0.814,0.814,0.814,0.814,0.814,0.814,0.814,0.814,0.814,0.814,0.814,0.814,0.814,0.814,0.814,0.814,0.814,0.814,0.814,0.814,0.814,0.814,0.814,1,0.814,1,0.9343,1,0,1,0,0.9343,0.9343,0.8922,0.8895,0.8922,0.8895,0.9343,0.9343,0.9343,0.9343,0.9343,0,0,0.814,0.814,0.7637,0.8583,0,0,0
Nonmetallic_Mineral_Product_Manufacturing,0.865,0.865,0.865,0.865,0.865,0.865,0.865,0.865,0.865,0.865,0.865,0.865,0.865,0.865,0.865,0.865,0.865,0.865,0.865,0.865,0.865,0.865,0.865,0.865,0.865,0.865,0.865,0.865,0.865,0.865,0.865,0.865,0.865,0.865,0.865,0.865,0.865,0.865,0.865,0.865,0.865,0.865,0.865,0.865,0.865,0.865,0.865,0.865,0.865,0.865,0.865,0.865,0.865,0.865,0.865,0.865,0.865,1,0.865,1,0.9511,1,0,1,0,0.9511,0.9511,0.9209,0.9193,0.9209,0.9193,0.9511,0.9511,0.9511,0.9511,0.9511,0,0,0.865,0.865,0.815,0.8793,0,0,0
Primary_Metal_Manufacturing,0.8853,0.8853,0.8853,0.8853,0.8853,0.8853,0.8853,0.8853,0.8853,0.8853,0.8853,0.8853,0.8853,0.8853,0.8853,0.8853,0.8853,0.8853,0.8853,0.8853,0.8853,0.8853,0.8853,0.8853,0.8853,0.8853,0.8853,0.8853,0.8853,0.8853,0.8853,0.8853,0.8853,0.8853,0.8853,0.8853,0.8853,0.8853,0.8853,0.8853,0.8853,0.8853,0.8853,0.8853,0.8853,0.8853,0.8853,0.8853,0.8853,0.8853,0.8853,0.8853,0.8853,0.8853,0.8853,0.8853,0.8853,1,0.8853,1,0.9327,1,0,1,0,0.9327,0.9327,0.9158,0.9158,0.9158,0.9158,0.9327,0.9327,0.9327,0.9327,0.9327,0,0,0.8853,0.8853,0.8452,0.9088,0,0,0
Fabricated_Metal_Product_Manufacturing,0.6416,0.6416,0.6416,0.6416,0.6416,0.6416,0.6416,0.6416,0.6416,0.6416,0.6416,0.6416,0.6416,0.6416,0.6416,0.6416,0.6416,0.6416,0.6416,0.6416,0.6416,0.6416,0.6416,0.6416,0.6416,0.6416,0.6416,0.6416,0.6416,0.6416,0.6416,0.6416,0.6416,0.6416,0.6416,0.6416,0.6416,0.6416,0.6416,0.6416,0.6416,0.6416,0.6416,0.6416,0.6416,0.6416,0.6416,0.6416,0.6416,0.6416,0.6416,0.6416,0.6416,0.6416,0.6416,0.6416,0.6416,1,0.6416,1,0.9396,1,0,1,0,0.9396,0.9396,0.8345,0.8306,0.8345,0.8306,0.9396,0.9396,0.9396,0.9396,0.9396,0,0,0.6416,0.6416,0.6226,0.6548,0,0,0
Machinery_Manufacturing,0.8577,0.8577,0.8577,0.8577,0.8577,0.8577,0.8577,0.8577,0.8577,0.8577,0.8577,0.8577,0.8577,0.8577,0.8577,0.8577,0.8577,0.8577,0.8577,0.8577,0.8577,0.8577,0.8577,0.8577,0.8577,0.8577,0.8577,0.8577,0.8577,0.8577,0.8577,0.8577,0.8577,0.8577,0.8577,0.8577,0.8577,0.8577,0.8577,0.8577,0.8577,0.8577,0.8577,0.8577,0.8577,0.8577,0.8577,0.8577,0.8577,0.8577,0.8577,0.8577,0.8577,0.8577,0.8577,0.8577,0.8577,1,0.8577,1,0.9637,1,0,1,0,0.9637,0.9637,0.9261,0.9254,0.9261,0.9254,0.9637,0.9637,0.9637,0.9637,0.9637,0,0,0.8577,0.8577,0.8228,0.8425,0,0,0
Computer_and_Electronic_Product_Manufacturing,0.975,0.975,0.975,0.975,0.975,0.975,0.975,0.975,0.975,0.975,0.975,0.975,0.975,0.975,0.975,0.975,0.975,0.975,0.975,0.975,0.975,0.975,0.975,0.975,0.975,0.975,0.975,0.975,0.975,0.975,0.975,0.975,0.975,0.975,0.975,0.975,0.975,0.975,0.975,0.975,0.975,0.975,0.975,0.975,0.975,0.975,0.975,0.975,0.975,0.975,0.975,0.975,0.975,0.975,0.975,0.975,0.975,1,0.975,1,0.9922,1,0,1,0,0.9922,0.9922,0.9871,0.9836,0.9871,0.9836,0.9922,0.9922,0.9922,0.9922,0.9922,0,0,0.975,0.975,0.8956,0.9545,0,0,0
"Electrical_Equipment,_Appliances,_and_Components_Manufacturing",0.8897,0.8897,0.8897,0.8897,0.8897,0.8897,0.8897,0.8897,0.8897,0.8897,0.8897,0.8897,0.8897,0.8897,0.8897,0.8897,0.8897,0.8897,0.8897,0.8897,0.8897,0.8897,0.8897,0.8897,0.8897,0.8897,0.8897,0.8897,0.8897,0.8897,0.8897,0.8897,0.8897,0.8897,0.8897,0.8897,0.8897,0.8897,0.8897,0.8897,0.8897,0.8897,0.8897,0.8897,0.8897,0.8897,0.8897,0.8897,0.8897,0.8897,0.8897,0.8897,0.8897,0.8897,0.8897,0.8897,0.8897,1,0.8897,1,0.9799,1,0,1,0,0.9799,0.9799,0.9481,0.9469,0.9481,0.9469,0.9799,0.9799,0.9799,0.9799,0.9799,0,0,0.8897,0.8897,0.8487,0.7786,0,0,0
Motor_Vehicle_and_Parts_Manufacturing,0.9807,0.9807,0.9807,0.9807,0.9807,0.9807,0.9807,0.9807,0.9807,0.9807,0.9807,0.9807,0.9807,0.9807,0.9807,0.9807,0.9807,0.9807,0.9807,0.9807,0.9807,0.9807,0.9807,0.9807,0.9807,0.9807,0.9807,0.9807,0.9807,0.9807,0.9807,0.9807,0.9807,0.9807,0.9807,0.9807,0.9807,0.9807,0.9807,0.9807,0.9807,0.9807,0.9807,0.9807,0.9807,0.9807,0.9807,0.9807,0.9807,0.9807,0.9807,0.9807,0.9807,0.9807,0.9807,0.9807,0.9807,1,0.9807,1,0.9653,1,0,1,0,0.9653,0.9653,0.9713,0.9698,0.9713,0.9698,0.9653,0.9653,0.9653,0.9653,0.9653,0,0,0.9807,0.9807,0.9327,0.9418,0,0,0
Other_Transportation_Equipment_Manufacturing,0.964,0.964,0.964,0.964,0.964,0.964,0.964,0.964,0.964,0.964,0.964,0.964,0.964,0.964,0.964,0.964,0.964,0.964,0.964,0.964,0.964,0.964,0.964,0.964,0.964,0.964,0.964,0.964,0.964,0.964,0.964,0.964,0.964,0.964,0.964,0.964,0.964,0.964,0.964,0.964,0.964,0.964,0.964,0.964,0.964,0.964,0.964,0.964,0.964,0.964,0.964,0.964,0.964,0.964,0.964,0.964,0.964,1,0.964,1,0.9865,1,0,1,0,0.9865,0.9865,0.979,0.9774,0.979,0.9774,0.9865,0.9865,0.9865,0.9865,0.9865,0,0,0.964,0.964,0.969,0.951,0,0,0
Furniture_and_Related_Products_Manufacturing,0.7223,0.7223,0.7223,0.7223,0.7223,0.7223,0.7223,0.7223,0.7223,0.7223,0.7223,0.7223,0.7223,0.7223,0.7223,0.7223,0.7223,0.7223,0.7223,0.7223,0.7223,0.7223,0.7223,0.7223,0.7223,0.7223,0.7223,0.7223,0.7223,0.7223,0.7223,0.7223,0.7223,0.7223,0.7223,0.7223,0.7223,0.7223,0.7223,0.7223,0.7223,0.7223,0.7223,0.7223,0.7223,0.7223,0.7223,0.7223,0.7223,0.7223,0.7223,0.7223,0.7223,0.7223,0.7223,0.7223,0.7223,1,0.7223,1,0.9354,1,0,1,0,0.9354,0.9354,0.8603,0.8572,0.8603,0.8572,0.9354,0.9354,0.9354,0.9354,0.9354,0,0,0.7223,0.7223,0.6821,0.7308,0,0,0
Medical_and_Dental_Supplies_Manufacturing,0.8885,0.8885,0.8885,0.8885,0.8885,0.8885,0.8885,0.8885,0.8885,0.8885,0.8885,0.8885,0.8885,0.8885,0.8885,0.8885,0.8885,0.8885,0.8885,0.8885,0.8885,0.8885,0.8885,0.8885,0.8885,0.8885,0.8885,0.8885,0.8885,0.8885,0.8885,0.8885,0.8885,0.8885,0.8885,0.8885,0.8885,0.8885,0.8885,0.8885,0.8885,0.8885,0.8885,0.8885,0.8885,0.8885,0.8885,0.8885,0.8885,0.8885,0.8885,0.8885,0.8885,0.8885,0.8885,0.8885,0.8885,1,0.8885,1,0.979,1,0,1,0,0.979,0.979,0.9504,0.9387,0.9504,0.9387,0.979,0.979,0.979,0.979,0.979,0,0,0.8885,0.8885,0.8495,0.7794,0,0,0
Other_Miscellaneous_Manufacturing,0.6845,0.6845,0.6845,0.6845,0.6845,0.6845,0.6845,0.6845,0.6845,0.6845,0.6845,0.6845,0.6845,0.6845,0.6845,0.6845,0.6845,0.6845,0.6845,0.6845,0.6845,0.6845,0.6845,0.6845,0.6845,0.6845,0.6845,0.6845,0.6845,0.6845,0.6845,0.6845,0.6845,0.6845,0.6845,0.6845,0.6845,0.6845,0.6845,0.6845,0.6845,0.6845,0.6845,0.6845,0.6845,0.6845,0.6845,0.6845,0.6845,0.6845,0.6845,0.6845,0.6845,0.6845,0.6845,0.6845,0.6845,1,0.6845,1,0.9221,1,0,1,0,0.9221,0.9221,0.8415,0.8283,0.8415,0.8283,0.9221,0.9221,0.9221,0.9221,0.9221,0,0,0.6845,0.6845,0.6583,0.6474,0,0,0
Wholesale_Durable_Goods,0.7961,0.7961,0.7961,0.7961,0.7961,0.7961,0.7961,0.7961,0.7961,0.7961,0.7961,0.7961,0.7961,0.7961,0.7961,0.7961,0.7961,0.7961,0.7961,0.7961,0.7961,0.7961,0.7961,0.7961,0.7961,0.7961,0.7961,0.7961,0.7961,0.7961,0.7961,0.7961,0.7961,0.7961,0.7961,0.7961,0.7961,0.7961,0.7961,0.7961,0.7961,0.7961,0.7961,0.7961,0.7961,0.7961,0.7961,0.7961,0.7961,0.7961,0.7961,0.7961,0.7961,0.7961,0.7961,0.7961,0.7961,1,0.7961,1,0.9166,1,0,1,0,0.9166,0.9166,0.8748,0.8703,0.8748,0.8703,0.9166,0.9166,0.9166,0.9166,0.9166,0,0,0.7961,0.7961,0.6267,0.6831,0,0,0
Wholesale_Nondurable_Goods,0.9106,0.9106,0.9106,0.9106,0.9106,0.9106,0.9106,0.9106,0.9106,0.9106,0.9106,0.9106,0.9106,0.9106,0.9106,0.9106,0.9106,0.9106,0.9106,0.9106,0.9106,0.9106,0.9106,0.9106,0.9106,0.9106,0.9106,0.9106,0.9106,0.9106,0.9106,0.9106,0.9106,0.9106,0.9106,0.9106,0.9106,0.9106,0.9106,0.9106,0.9106,0.9106,0.9106,0.9106,0.9106,0.9106,0.9106,0.9106,0.9106,0.9106,0.9106,0.9106,0.9106,0.9106,0.9106,0.9106,0.9106,1,0.9106,1,0.9501,1,0,1,0,0.9501,0.9501,0.9382,0.9296,0.9382,0.9296,0.9501,0.9501,0.9501,0.9501,0.9501,0,0,0.9106,0.9106,0.7307,0.7338,0,0,0
Motor_Vehicle_and_Parts_Dealers,0.5274,0.5274,0.5274,0.5274,0.5274,0.5274,0.5274,0.5274,0.5274,0.5274,0.5274,0.5274,0.5274,0.5274,0.5274,0.5274,0.5274,0.5274,0.5274,0.5274,0.5274,0.5274,0.5274,0.5274,0.5274,0.5274,0.5274,0.5274,0.5274,0.5274,0.5274,0.5274,0.5274,0.5274,0.5274,0.5274,0.5274,0.5274,0.5274,0.5274,0.5274,0.5274,0.5274,0.5274,0.5274,0.5274,0.5274,0.5274,0.5274,0.5274,0.5274,0.5274,0.5274,0.5274,0.5274,0.5274,0.5274,1,0.5274,1,0.6622,1,0,1,0,0.6622,0.6622,0.6143,0.6137,0.6143,0.6137,0.6622,0.6622,0.6622,0.6622,0.6622,0,0,0.5274,0.5274,0.3205,0.6599,0,0,0
Food_and_Beverages_Stores,0.8052,0.8052,0.8052,0.8052,0.8052,0.8052,0.8052,0.8052,0.8052,0.8052,0.8052,0.8052,0.8052,0.8052,0.8052,0.8052,0.8052,0.8052,0.8052,0.8052,0.8052,0.8052,0.8052,0.8052,0.8052,0.8052,0.8052,0.8052,0.8052,0.8052,0.8052,0.8052,0.8052,0.8052,0.8052,0.8052,0.8052,0.8052,0.8052,0.8052,0.8052,0.8052,0.8052,0.8052,0.8052,0.8052,0.8052,0.8052,0.8052,0.8052,0.8052,0.8052,0.8052,0.8052,0.8052,0.8052,0.8052,1,0.8052,1,0.8144,1,0,1,0,0.8144,0.8144,0.8118,0.8093,0.8118,0.8093,0.8144,0.8144,0.8144,0.8144,0.8144,0,0,0.8052,0.8052,0.5569,0.8547,0,0,0
General_Merchandise_Stores,0.993,0.993,0.993,0.993,0.993,0.993,0.993,0.993,0.993,0.993,0.993,0.993,0.993,0.993,0.993,0.993,0.993,0.993,0.993,0.993,0.993,0.993,0.993,0.993,0.993,0.993,0.993,0.993,0.993,0.993,0.993,0.993,0.993,0.993,0.993,0.993,0.993,0.993,0.993,0.993,0.993,0.993,0.993,0.993,0.993,0.993,0.993,0.993,0.993,0.993,0.993,0.993,0.993,0.993,0.993,0.993,0.993,1,0.993,1,0.9865,1,0,1,0,0.9865,0.9865,0.9891,0.9879,0.9891,0.9879,0.9865,0.9865,0.9865,0.9865,0.9865,0,0,0.993,0.993,0.965,0.9961,0,0,0
Other_Retail,0.7685,0.7685,0.7685,0.7685,0.7685,0.7685,0.7685,0.7685,0.7685,0.7685,0.7685,0.7685,0.7685,0.7685,0.7685,0.7685,0.7685,0.7685,0.7685,0.7685,0.7685,0.7685,0.7685,0.7685,0.7685,0.7685,0.7685,0.7685,0.7685,0.7685,0.7685,0.7685,0.7685,0.7685,0.7685,0.7685,0.7685,0.7685,0.7685,0.7685,0.7685,0.7685,0.7685,0.7685,0.7685,0.7685,0.7685,0.7685,0.7685,0.7685,0.7685,0.7685,0.7685,0.7685,0.7685,0.7685,0.7685,1,0.7685,1,0.9265,1,0,1,0,0.9265,0.9265,0.8929,0.8091,0.8929,0.8091,0.9265,0.9265,0.9265,0.9265,0.9265,0,0,0.7685,0.7685,0.6356,0.6744,0,0,0
Air_Transportation,0.9545,0.9545,0.9545,0.9545,0.9545,0.9545,0.9545,0.9545,0.9545,0.9545,0.9545,0.9545,0.9545,0.9545,0.9545,0.9545,0.9545,0.9545,0.9545,0.9545,0.9545,0.9545,0.9545,0.9545,0.9545,0.9545,0.9545,0.9545,0.9545,0.9545,0.9545,0.9545,0.9545,0.9545,0.9545,0.9545,0.9545,0.9545,0.9545,0.9545,0.9545,0.9545,0.9545,0.9545,0.9545,0.9545,0.9545,0.9545,0.9545,0.9545,0.9545,0.9545,0.9545,0.9545,0.9545,0.9545,0.9545,1,0.9545,1,0.9768,1,0,1,0,0.9768,0.9768,0.9738,0.9627,0.9738,0.9627,0.9768,0.9768,0.9768,0.9768,0.9768,0,0,0.9545,0.9545,0.882,0.7985,0,0,0
Rail_Transportation,0.984,0.984,0.984,0.984,0.984,0.984,0.984,0.984,0.984,0.984,0.984,0.984,0.984,0.984,0.984,0.984,0.984,0.984,0.984,0.984,0.984,0.984,0.984,0.984,0.984,0.984,0.984,0.984,0.984,0.984,0.984,0.984,0.984,0.984,0.984,0.984,0.984,0.984,0.984,0.984,0.984,0.984,0.984,0.984,0.984,0.984,0.984,0.984,0.984,0.984,0.984,0.984,0.984,0.984,0.984,0.984,0.984,1,0.984,1,0.9269,1,0,1,0,0.9269,0.9269,0.9555,0.9375,0.9555,0.9375,0.9269,0.9269,0.9269,0.9269,0.9269,0,0,0.984,0.984,0.9479,0.9591,0,0,0
Water_Transportation,0.5973,0.5973,0.5973,0.5973,0.5973,0.5973,0.5973,0.5973,0.5973,0.5973,0.5973,0.5973,0.5973,0.5973,0.5973,0.5973,0.5973,0.5973,0.5973,0.5973,0.5973,0.5973,0.5973,0.5973,0.5973,0.5973,0.5973,0.5973,0.5973,0.5973,0.5973,0.5973,0.5973,0.5973,0.5973,0.5973,0.5973,0.5973,0.5973,0.5973,0.5973,0.5973,0.5973,0.5973,0.5973,0.5973,0.5973,0.5973,0.5973,0.5973,0.5973,0.5973,0.5973,0.5973,0.5973,0.5973,0.5973,1,0.5973,1,0.7681,1,0,1,0,0.7681,0.7681,0.7343,0.6765,0.7343,0.6765,0.7681,0.7681,0.7681,0.7681,0.7681,0,0,0.5973,0.5973,0.6638,0.4535,0,0,0
Truck_Transportation,0.4852,0.4852,0.4852,0.4852,0.4852,0.4852,0.4852,0.4852,0.4852,0.4852,0.4852,0.4852,0.4852,0.4852,0.4852,0.4852,0.4852,0.4852,0.4852,0.4852,0.4852,0.4852,0.4852,0.4852,0.4852,0.4852,0.4852,0.4852,0.4852,0.4852,0.4852,0.4852,0.4852,0.4852,0.4852,0.4852,0.4852,0.4852,0.4852,0.4852,0.4852,0.4852,0.4852,0.4852,0.4852,0.4852,0.4852,0.4852,0.4852,0.4852,0.4852,0.4852,0.4852,0.4852,0.4852,0.4852,0.4852,1,0.4852,1,0.7112,1,0,1,0,0.7112,0.7112,0.6595,0.5984,0.6595,0.5984,0.7112,0.7112,0.7112,0.7112,0.7112,0,0,0.4852,0.4852,0.4501,0.5675,0,0,0
Transit_and_Ground_Passenger_Transportation,0.4549,0.4549,0.4549,0.4549,0.4549,0.4549,0.4549,0.4549,0.4549,0.4549,0.4549,0.4549,0.4549,0.4549,0.4549,0.4549,0.4549,0.4549,0.4549,0.4549,0.4549,0.4549,0.4549,0.4549,0.4549,0.4549,0.4549,0.4549,0.4549,0.4549,0.4549,0.4549,0.4549,0.4549,0.4549,0.4549,0.4549,0.4549,0.4549,0.4549,0.4549,0.4549,0.4549,0.4549,0.4549,0.4549,0.4549,0.4549,0.4549,0.4549,0.4549,0.4549,0.4549,0.4549,0.4549,0.4549,0.4549,1,0.4549,1,0.6493,1,0,1,0,0.6493,0.6493,0.6423,0.5184,0.6423,0.5184,0.6493,0.6493,0.6493,0.6493,0.6493,0,0,0.4549,0.4549,0.4906,0.6116,0,0,0
Pipeline_Transportation,0.8104,0.8104,0.8104,0.8104,0.8104,0.8104,0.8104,0.8104,0.8104,0.8104,0.8104,0.8104,0.8104,0.8104,0.8104,0.8104,0.8104,0.8104,0.8104,0.8104,0.8104,0.8104,0.8104,0.8104,0.8104,0.8104,0.8104,0.8104,0.8104,0.8104,0.8104,0.8104,0.8104,0.8104,0.8104,0.8104,0.8104,0.8104,0.8104,0.8104,0.8104,0.8104,0.8104,0.8104,0.8104,0.8104,0.8104,0.8104,0.8104,0.8104,0.8104,0.8104,0.8104,0.8104,0.8104,0.8104,0.8104,1,0.8104,1,0.9328,1,0,1,0,0.9328,0.9328,0.9085,0.8665,0.9085,0.8665,0.9328,0.9328,0.9328,0.9328,0.9328,0,0,0.8104,0.8104,0.6105,0.7727,0,0,0
Other_Transportation_and_Support_Activities,0.7627,0.7627,0.7627,0.7627,0.7627,0.7627,0.7627,0.7627,0.7627,0.7627,0.7627,0.7627,0.7627,0.7627,0.7627,0.7627,0.7627,0.7627,0.7627,0.7627,0.7627,0.7627,0.7627,0.7627,0.7627,0.7627,0.7627,0.7627,0.7627,0.7627,0.7627,0.7627,0.7627,0.7627,0.7627,0.7627,0.7627,0.7627,0.7627,0.7627,0.7627,0.7627,0.7627,0.7627,0.7627,0.7627,0.7627,0.7627,0.7627,0.7627,0.7627,0.7627,0.7627,0.7627,0.7627,0.7627,0.7627,1,0.7627,1,0.8902,1,0,1,0,0.8902,0.8902,0.8683,0.8175,0.8683,0.8175,0.8902,0.8902,0.8902,0.8902,0.8902,0,0,0.7627,0.7627,0.7272,0.8509,0,0,0
Warehousing_and_Storage,0.5359,0.5359,0.5359,0.5359,0.5359,0.5359,0.5359,0.5359,0.5359,0.5359,0.5359,0.5359,0.5359,0.5359,0.5359,0.5359,0.5359,0.5359,0.5359,0.5359,0.5359,0.5359,0.5359,0.5359,0.5359,0.5359,0.5359,0.5359,0.5359,0.5359,0.5359,0.5359,0.5359,0.5359,0.5359,0.5359,0.5359,0.5359,0.5359,0.5359,0.5359,0.5359,0.5359,0.5359,0.5359,0.5359,0.5359,0.5359,0.5359,0.5359,0.5359,0.5359,0.5359,0.5359,0.5359,0.5359,0.5359,1,0.5359,1,0.6619,1,0,1,0,0.6619,0.6619,0.6677,0.5644,0.6677,0.5644,0.6619,0.6619,0.6619,0.6619,0.6619,0,0,0.5359,0.5359,0.469,0.4778,0,0,0
Publishing_Industries_(Except_Internet),0.9303,0.9303,0.9303,0.9303,0.9303,0.9303,0.9303,0.9303,0.9303,0.9303,0.9303,0.9303,0.9303,0.9303,0.9303,0.9303,0.9303,0.9303,0.9303,0.9303,0.9303,0.9303,0.9303,0.9303,0.9303,0.9303,0.9303,0.9303,0.9303,0.9303,0.9303,0.9303,0.9303,0.9303,0.9303,0.9303,0.9303,0.9303,0.9303,0.9303,0.9303,0.9303,0.9303,0.9303,0.9303,0.9303,0.9303,0.9303,0.9303,0.9303,0.9303,0.9303,0.9303,0.9303,0.9303,0.9303,0.9303,1,0.9303,1,0.9729,1,0,1,0,0.9729,0.9729,0.9703,0.8478,0.9703,0.8478,0.9729,0.9729,0.9729,0.9729,0.9729,0,0,0.9303,0.9303,0.8677,0.9329,0,0,0
Motion_Picture_and_Sound_Recording_Industries,0.7641,0.7641,0.7641,0.7641,0.7641,0.7641,0.7641,0.7641,0.7641,0.7641,0.7641,0.7641,0.7641,0.7641,0.7641,0.7641,0.7641,0.7641,0.7641,0.7641,0.7641,0.7641,0.7641,0.7641,0.7641,0.7641,0.7641,0.7641,0.7641,0.7641,0.7641,0.7641,0.7641,0.7641,0.7641,0.7641,0.7641,0.7641,0.7641,0.7641,0.7641,0.7641,0.7641,0.7641,0.7641,0.7641,0.7641,0.7641,0.7641,0.7641,0.7641,0.7641,0.7641,0.7641,0.7641,0.7641,0.7641,1,0.7641,1,0.934,1,0,1,0,0.934,0.934,0.8999,0.6744,0.8999,0.6744,0.934,0.934,0.934,0.934,0.934,0,0,0.7641,0.7641,0.89,0.5982,0,0,0
Broadcasting_(Except_Internet)_and_Telecommunications,0.9455,0.9455,0.9455,0.9455,0.9455,0.9455,0.9455,0.9455,0.9455,0.9455,0.9455,0.9455,0.9455,0.9455,0.9455,0.9455,0.9455,0.9455,0.9455,0.9455,0.9455,0.9455,0.9455,0.9455,0.9455,0.9455,0.9455,0.9455,0.9455,0.9455,0.9455,0.9455,0.9455,0.9455,0.9455,0.9455,0.9455,0.9455,0.9455,0.9455,0.9455,0.9455,0.9455,0.9455,0.9455,0.9455,0.9455,0.9455,0.9455,0.9455,0.9455,0.9455,0.9455,0.9455,0.9455,0.9455,0.9455,1,0.9455,1,0.9649,1,0,1,0,0.9649,0.9649,0.9881,0.7346,0.9881,0.7346,0.9649,0.9649,0.9649,0.9649,0.9649,0,0,0.9455,0.9455,0.9393,0.9175,0,0,0
"Data_Processing,_Hosting,_and_Other_Information_Services",0.9458,0.9458,0.9458,0.9458,0.9458,0.9458,0.9458,0.9458,0.9458,0.9458,0.9458,0.9458,0.9458,0.9458,0.9458,0.9458,0.9458,0.9458,0.9458,0.9458,0.9458,0.9458,0.9458,0.9458,0.9458,0.9458,0.9458,0.9458,0.9458,0.9458,0.9458,0.9458,0.9458,0.9458,0.9458,0.9458,0.9458,0.9458,0.9458,0.9458,0.9458,0.9458,0.9458,0.9458,0.9458,0.9458,0.9458,0.9458,0.9458,0.9458,0.9458,0.9458,0.9458,0.9458,0.9458,0.9458,0.9458,1,0.9458,1,0.9605,1,0,1,0,0.9605,0.9605,0.9839,0.7399,0.9839,0.7399,0.9605,0.9605,0.9605,0.9605,0.9605,0,0,0.9458,0.9458,0.9192,0.9569,0,0,0
Depository_Credit_Intermediation,0.7284,0.7284,0.7284,0.7284,0.7284,0.7284,0.7284,0.7284,0.7284,0.7284,0.7284,0.7284,0.7284,0.7284,0.7284,0.7284,0.7284,0.7284,0.7284,0.7284,0.7284,0.7284,0.7284,0.7284,0.7284,0.7284,0.7284,0.7284,0.7284,0.7284,0.7284,0.7284,0.7284,0.7284,0.7284,0.7284,0.7284,0.7284,0.7284,0.7284,0.7284,0.7284,0.7284,0.7284,0.7284,0.7284,0.7284,0.7284,0.7284,0.7284,0.7284,0.7284,0.7284,0.7284,0.7284,0.7284,0.7284,1,0.7284,1,0.8354,1,0,1,0,0.8354,0.8354,0.9666,0.5253,0.9666,0.5253,0.8354,0.8354,0.8354,0.8354,0.8354,0,0,0.7284,0.7284,0.0632,0.7019,0,0,0
Other_Intermediation,0.9496,0.9496,0.9496,0.9496,0.9496,0.9496,0.9496,0.9496,0.9496,0.9496,0.9496,0.9496,0.9496,0.9496,0.9496,0.9496,0.9496,0.9496,0.9496,0.9496,0.9496,0.9496,0.9496,0.9496,0.9496,0.9496,0.9496,0.9496,0.9496,0.9496,0.9496,0.9496,0.9496,0.9496,0.9496,0.9496,0.9496,0.9496,0.9496,0.9496,0.9496,0.9496,0.9496,0.9496,0.9496,0.9496,0.9496,0.9496,0.9496,0.9496,0.9496,0.9496,0.9496,0.9496,0.9496,0.9496,0.9496,1,0.9496,1,0.9862,1,0,1,0,0.9862,0.9862,0.9869,0.9348,0.9869,0.9348,0.9862,0.9862,0.9862,0.9862,0.9862,0,0,0.9496,0.9496,0.4635,0.7207,0,0,0
Nondepository_Credit_Intermediation,0.8862,0.8862,0.8862,0.8862,0.8862,0.8862,0.8862,0.8862,0.8862,0.8862,0.8862,0.8862,0.8862,0.8862,0.8862,0.8862,0.8862,0.8862,0.8862,0.8862,0.8862,0.8862,0.8862,0.8862,0.8862,0.8862,0.8862,0.8862,0.8862,0.8862,0.8862,0.8862,0.8862,0.8862,0.8862,0.8862,0.8862,0.8862,0.8862,0.8862,0.8862,0.8862,0.8862,0.8862,0.8862,0.8862,0.8862,0.8862,0.8862,0.8862,0.8862,0.8862,0.8862,0.8862,0.8862,0.8862,0.8862,1,0.8862,1,0.8077,1,0,1,0,0.8077,0.8077,0.9072,0.678,0.9072,0.678,0.8077,0.8077,0.8077,0.8077,0.8077,0,0,0.8862,0.8862,0.5929,0.4916,0,0,0
"Securities,_Commodity_Contracts,_and_Other_Financial_Investments_and_Related_Activities",0.7985,0.7985,0.7985,0.7985,0.7985,0.7985,0.7985,0.7985,0.7985,0.7985,0.7985,0.7985,0.7985,0.7985,0.7985,0.7985,0.7985,0.7985,0.7985,0.7985,0.7985,0.7985,0.7985,0.7985,0.7985,0.7985,0.7985,0.7985,0.7985,0.7985,0.7985,0.7985,0.7985,0.7985,0.7985,0.7985,0.7985,0.7985,0.7985,0.7985,0.7985,0.7985,0.7985,0.7985,0.7985,0.7985,0.7985,0.7985,0.7985,0.7985,0.7985,0.7985,0.7985,0.7985,0.7985,0.7985,0.7985,1,0.7985,1,0.8937,1,0,1,0,0.8937,0.8937,0.9015,0.7563,0.9015,0.7563,0.8937,0.8937,0.8937,0.8937,0.8937,0,0,0.7985,0.7985,0.4224,0.5867,0,0,0
Insurance_Carriers,0.863,0.863,0.863,0.863,0.863,0.863,0.863,0.863,0.863,0.863,0.863,0.863,0.863,0.863,0.863,0.863,0.863,0.863,0.863,0.863,0.863,0.863,0.863,0.863,0.863,0.863,0.863,0.863,0.863,0.863,0.863,0.863,0.863,0.863,0.863,0.863,0.863,0.863,0.863,0.863,0.863,0.863,0.863,0.863,0.863,0.863,0.863,0.863,0.863,0.863,0.863,0.863,0.863,0.863,0.863,0.863,0.863,1,0.863,1,0.9049,1,0,1,0,0.9049,0.9049,0.9918,0.6829,0.9918,0.6829,0.9049,0.9049,0.9049,0.9049,0.9049,0,0,0.863,0.863,0.6621,0.799,0,0,0
Insurance_Agencies_and_Brokers_and_Related_Services,0.6108,0.6108,0.6108,0.6108,0.6108,0.6108,0.6108,0.6108,0.6108,0.6108,0.6108,0.6108,0.6108,0.6108,0.6108,0.6108,0.6108,0.6108,0.6108,0.6108,0.6108,0.6108,0.6108,0.6108,0.6108,0.6108,0.6108,0.6108,0.6108,0.6108,0.6108,0.6108,0.6108,0.6108,0.6108,0.6108,0.6108,0.6108,0.6108,0.6108,0.6108,0.6108,0.6108,0.6108,0.6108,0.6108,0.6108,0.6108,0.6108,0.6108,0.6108,0.6108,0.6108,0.6108,0.6108,0.6108,0.6108,1,0.6108,1,0.9069,1,0,1,0,0.9069,0.9069,0.8166,0.7591,0.8166,0.7591,0.9069,0.9069,0.9069,0.9069,0.9069,0,0,0.6108,0.6108,0.2854,0.4964,0,0,0
"Funds,_Trusts,_and_Other_Financial_Vehicles_",0.6614,0.6614,0.6614,0.6614,0.6614,0.6614,0.6614,0.6614,0.6614,0.6614,0.6614,0.6614,0.6614,0.6614,0.6614,0.6614,0.6614,0.6614,0.6614,0.6614,0.6614,0.6614,0.6614,0.6614,0.6614,0.6614,0.6614,0.6614,0.6614,0.6614,0.6614,0.6614,0.6614,0.6614,0.6614,0.6614,0.6614,0.6614,0.6614,0.6614,0.6614,0.6614,0.6614,0.6614,0.6614,0.6614,0.6614,0.6614,0.6614,0.6614,0.6614,0.6614,0.6614,0.6614,0.6614,0.6614,0.6614,1,0.6614,1,0.5759,1,0,1,0,0.5759,0.5759,0.722,0.4117,0.722,0.4117,0.5759,0.5759,0.5759,0.5759,0.5759,0,0,0.6614,0.6614,0.5106,0.6086,0,0,0
Real_Estate,0.2326,0.2326,0.2326,0.2326,0.2326,0.2326,0.2326,0.2326,0.2326,0.2326,0.2326,0.2326,0.2326,0.2326,0.2326,0.2326,0.2326,0.2326,0.2326,0.2326,0.2326,0.2326,0.2326,0.2326,0.2326,0.2326,0.2326,0.2326,0.2326,0.2326,0.2326,0.2326,0.2326,0.2326,0.2326,0.2326,0.2326,0.2326,0.2326,0.2326,0.2326,0.2326,0.2326,0.2326,0.2326,0.2326,0.2326,0.2326,0.2326,0.2326,0.2326,0.2326,0.2326,0.2326,0.2326,0.2326,0.2326,1,0.2326,1,0.4585,1,0,1,0,0.4585,0.4585,0.4068,0.3434,0.4068,0.3434,0.4585,0.4585,0.4585,0.4585,0.4585,0,0,0.2326,0.2326,0.2673,0.2133,0,0,0
Rental_and_Leasing_(Including_Nonfinancial_Intangibles),0.674,0.674,0.674,0.674,0.674,0.674,0.674,0.674,0.674,0.674,0.674,0.674,0.674,0.674,0.674,0.674,0.674,0.674,0.674,0.674,0.674,0.674,0.674,0.674,0.674,0.674,0.674,0.674,0.674,0.674,0.674,0.674,0.674,0.674,0.674,0.674,0.674,0.674,0.674,0.674,0.674,0.674,0.674,0.674,0.674,0.674,0.674,0.674,0.674,0.674,0.674,0.674,0.674,0.674,0.674,0.674,0.674,1,0.674,1,0.8713,1,0,1,0,0.8713,0.8713,0.8143,0.7827,0.8143,0.7827,0.8713,0.8713,0.8713,0.8713,0.8713,0,0,0.674,0.674,0.36,0.3372,0,0,0
Legal_Services,0.194,0.194,0.194,0.194,0.194,0.194,0.194,0.194,0.194,0.194,0.194,0.194,0.194,0.194,0.194,0.194,0.194,0.194,0.194,0.194,0.194,0.194,0.194,0.194,0.194,0.194,0.194,0.194,0.194,0.194,0.194,0.194,0.194,0.194,0.194,0.194,0.194,0.194,0.194,0.194,0.194,0.194,0.194,0.194,0.194,0.194,0.194,0.194,0.194,0.194,0.194,0.194,0.194,0.194,0.194,0.194,0.194,1,0.194,1,0.2542,1,0,1,0,0.2542,0.2542,0.2422,0.1972,0.2422,0.1972,0.2542,0.2542,0.2542,0.2542,0.2542,0,0,0.194,0.194,0.0992,0.0737,0,0,0
Computer_Systems_Design_and_Related_Services,0.8073,0.8073,0.8073,0.8073,0.8073,0.8073,0.8073,0.8073,0.8073,0.8073,0.8073,0.8073,0.8073,0.8073,0.8073,0.8073,0.8073,0.8073,0.8073,0.8073,0.8073,0.8073,0.8073,0.8073,0.8073,0.8073,0.8073,0.8073,0.8073,0.8073,0.8073,0.8073,0.8073,0.8073,0.8073,0.8073,0.8073,0.8073,0.8073,0.8073,0.8073,0.8073,0.8073,0.8073,0.8073,0.8073,0.8073,0.8073,0.8073,0.8073,0.8073,0.8073,0.8073,0.8073,0.8073,0.8073,0.8073,1,0.8073,1,0.9355,1,0,1,0,0.9355,0.9355,0.904,0.8297,0.904,0.8297,0.9355,0.9355,0.9355,0.9355,0.9355,0,0,0.8073,0.8073,0.6952,0.7714,0,0,0
"Other_Professional,_Scientific,_and_Technical_Services",0.546,0.546,0.546,0.546,0.546,0.546,0.546,0.546,0.546,0.546,0.546,0.546,0.546,0.546,0.546,0.546,0.546,0.546,0.546,0.546,0.546,0.546,0.546,0.546,0.546,0.546,0.546,0.546,0.546,0.546,0.546,0.546,0.546,0.546,0.546,0.546,0.546,0.546,0.546,0.546,0.546,0.546,0.546,0.546,0.546,0.546,0.546,0.546,0.546,0.546,0.546,0.546,0.546,0.546,0.546,0.546,0.546,1,0.546,1,0.8283,1,0,1,0,0.8283,0.8283,0.7877,0.5389,0.7877,0.5389,0.8283,0.8283,0.8283,0.8283,0.8283,0,0,0.546,0.546,0.5856,0.3127,0,0,0
Management_Of_Companies_and_Enterprises,0.7393,0.7393,0.7393,0.7393,0.7393,0.7393,0.7393,0.7393,0.7393,0.7393,0.7393,0.7393,0.7393,0.7393,0.7393,0.7393,0.7393,0.7393,0.7393,0.7393,0.7393,0.7393,0.7393,0.7393,0.7393,0.7393,0.7393,0.7393,0.7393,0.7393,0.7393,0.7393,0.7393,0.7393,0.7393,0.7393,0.7393,0.7393,0.7393,0.7393,0.7393,0.7393,0.7393,0.7393,0.7393,0.7393,0.7393,0.7393,0.7393,0.7393,0.7393,0.7393,0.7393,0.7393,0.7393,0.7393,0.7393,1,0.7393,1,0.8412,1,0,1,0,0.8412,0.8412,0.9573,0.5474,0.9573,0.5474,0.8412,0.8412,0.8412,0.8412,0.8412,0,0,0.7393,0.7393,0.549,0.7058,0,0,0
Administrative_and_Support_Services,0.4938,0.4938,0.4938,0.4938,0.4938,0.4938,0.4938,0.4938,0.4938,0.4938,0.4938,0.4938,0.4938,0.4938,0.4938,0.4938,0.4938,0.4938,0.4938,0.4938,0.4938,0.4938,0.4938,0.4938,0.4938,0.4938,0.4938,0.4938,0.4938,0.4938,0.4938,0.4938,0.4938,0.4938,0.4938,0.4938,0.4938,0.4938,0.4938,0.4938,0.4938,0.4938,0.4938,0.4938,0.4938,0.4938,0.4938,0.4938,0.4938,0.4938,0.4938,0.4938,0.4938,0.4938,0.4938,0.4938,0.4938,1,0.4938,1,0.8638,1,0,1,0,0.8638,0.8638,0.7547,0.6717,0.7547,0.6717,0.8638,0.8638,0.8638,0.8638,0.8638,0,0,0.4938,0.4938,0.5119,0.4823,0,0,0
Waste_Management_and_Remediation_Services,0.8072,0.8072,0.8072,0.8072,0.8072,0.8072,0.8072,0.8072,0.8072,0.8072,0.8072,0.8072,0.8072,0.8072,0.8072,0.8072,0.8072,0.8072,0.8072,0.8072,0.8072,0.8072,0.8072,0.8072,0.8072,0.8072,0.8072,0.8072,0.8072,0.8072,0.8072,0.8072,0.8072,0.8072,0.8072,0.8072,0.8072,0.8072,0.8072,0.8072,0.8072,0.8072,0.8072,0.8072,0.8072,0.8072,0.8072,0.8072,0.8072,0.8072,0.8072,0.8072,0.8072,0.8072,0.8072,0.8072,0.8072,1,0.8072,1,0.9569,1,0,1,0,0.9569,0.9569,0.9105,0.8833,0.9105,0.8833,0.9569,0.9569,0.9569,0.9569,0.9569,0,0,0.8072,0.8072,0.73,0.7231,0,0,0
Educational_Services,0.0398,0.0398,0.0398,0.0398,0.0398,0.0398,0.0398,0.0398,0.0398,0.0398,0.0398,0.0398,0.0398,0.0398,0.0398,0.0398,0.0398,0.0398,0.0398,0.0398,0.0398,0.0398,0.0398,0.0398,0.0398,0.0398,0.0398,0.0398,0.0398,0.0398,0.0398,0.0398,0.0398,0.0398,0.0398,0.0398,0.0398,0.0398,0.0398,0.0398,0.0398,0.0398,0.0398,0.0398,0.0398,0.0398,0.0398,0.0398,0.0398,0.0398,0.0398,0.0398,0.0398,0.0398,0.0398,0.0398,0.0398,1,0.0398,1,0.1153,1,0,1,0,0.1153,0.1153,0.8115,0.0243,0.8115,0.0243,0.1153,0.1153,0.1153,0.1153,0.1153,0,0,0.0398,0.0398,0.0854,0.0316,0,0,0
Ambulatory_Health_Care_Services,0.2757,0.2757,0.2757,0.2757,0.2757,0.2757,0.2757,0.2757,0.2757,0.2757,0.2757,0.2757,0.2757,0.2757,0.2757,0.2757,0.2757,0.2757,0.2757,0.2757,0.2757,0.2757,0.2757,0.2757,0.2757,0.2757,0.2757,0.2757,0.2757,0.2757,0.2757,0.2757,0.2757,0.2757,0.2757,0.2757,0.2757,0.2757,0.2757,0.2757,0.2757,0.2757,0.2757,0.2757,0.2757,0.2757,0.2757,0.2757,0.2757,0.2757,0.2757,0.2757,0.2757,0.2757,0.2757,0.2757,0.2757,1,0.2757,1,0.5769,1,0,1,0,0.5769,0.5769,0.7878,0.214,0.7878,0.214,0.5769,0.5769,0.5769,0.5769,0.5769,0,0,0.2757,0.2757,0.4961,0.206,0,0,0
Hospitals,0.1541,0.1541,0.1541,0.1541,0.1541,0.1541,0.1541,0.1541,0.1541,0.1541,0.1541,0.1541,0.1541,0.1541,0.1541,0.1541,0.1541,0.1541,0.1541,0.1541,0.1541,0.1541,0.1541,0.1541,0.1541,0.1541,0.1541,0.1541,0.1541,0.1541,0.1541,0.1541,0.1541,0.1541,0.1541,0.1541,0.1541,0.1541,0.1541,0.1541,0.1541,0.1541,0.1541,0.1541,0.1541,0.1541,0.1541,0.1541,0.1541,0.1541,0.1541,0.1541,0.1541,0.1541,0.1541,0.1541,0.1541,1,0.1541,1,0.2322,1,0,1,0,0.2322,0.2322,0.9309,0.0618,0.9309,0.0618,0.2322,0.2322,0.2322,0.2322,0.2322,0,0,0.1541,0.1541,0.2257,0.1568,0,0,0
Nursing_and_Residential_Care_Facilities,0.1818,0.1818,0.1818,0.1818,0.1818,0.1818,0.1818,0.1818,0.1818,0.1818,0.1818,0.1818,0.1818,0.1818,0.1818,0.1818,0.1818,0.1818,0.1818,0.1818,0.1818,0.1818,0.1818,0.1818,0.1818,0.1818,0.1818,0.1818,0.1818,0.1818,0.1818,0.1818,0.1818,0.1818,0.1818,0.1818,0.1818,0.1818,0.1818,0.1818,0.1818,0.1818,0.1818,0.1818,0.1818,0.1818,0.1818,0.1818,0.1818,0.1818,0.1818,0.1818,0.1818,0.1818,0.1818,0.1818,0.1818,1,0.1818,1,0.2511,1,0,1,0,0.2511,0.2511,0.4994,0.0866,0.4994,0.0866,0.2511,0.2511,0.2511,0.2511,0.2511,0,0,0.1818,0.1818,0.2265,0.178,0,0,0
Social_Assistance,0.0691,0.0691,0.0691,0.0691,0.0691,0.0691,0.0691,0.0691,0.0691,0.0691,0.0691,0.0691,0.0691,0.0691,0.0691,0.0691,0.0691,0.0691,0.0691,0.0691,0.0691,0.0691,0.0691,0.0691,0.0691,0.0691,0.0691,0.0691,0.0691,0.0691,0.0691,0.0691,0.0691,0.0691,0.0691,0.0691,0.0691,0.0691,0.0691,0.0691,0.0691,0.0691,0.0691,0.0691,0.0691,0.0691,0.0691,0.0691,0.0691,0.0691,0.0691,0.0691,0.0691,0.0691,0.0691,0.0691,0.0691,1,0.0691,1,0.2361,1,0,1,0,0.2361,0.2361,0.6815,0.0553,0.6815,0.0553,0.2361,0.2361,0.2361,0.2361,0.2361,0,0,0.0691,0.0691,0.1484,0.0443,0,0,0
"Performing_Arts,_Spectator_Sports,_Museums,_and_Related_Activities",0.3367,0.3367,0.3367,0.3367,0.3367,0.3367,0.3367,0.3367,0.3367,0.3367,0.3367,0.3367,0.3367,0.3367,0.3367,0.3367,0.3367,0.3367,0.3367,0.3367,0.3367,0.3367,0.3367,0.3367,0.3367,0.3367,0.3367,0.3367,0.3367,0.3367,0.3367,0.3367,0.3367,0.3367,0.3367,0.3367,0.3367,0.3367,0.3367,0.3367,0.3367,0.3367,0.3367,0.3367,0.3367,0.3367,0.3367,0.3367,0.3367,0.3367,0.3367,0.3367,0.3367,0.3367,0.3367,0.3367,0.3367,1,0.3367,1,0.4241,1,0,1,0,0.4241,0.4241,0.5648,0.2069,0.5648,0.2069,0,0,0,0,0,0,0,0.3367,0.3367,0.2746,0.3391,0,0,0
"Amusement,_Gambling,_and_Recreation_Services",0.4145,0.4145,0.4145,0.4145,0.4145,0.4145,0.4145,0.4145,0.4145,0.4145,0.4145,0.4145,0.4145,0.4145,0.4145,0.4145,0.4145,0.4145,0.4145,0.4145,0.4145,0.4145,0.4145,0.4145,0.4145,0.4145,0.4145,0.4145,0.4145,0.4145,0.4145,0.4145,0.4145,0.4145,0.4145,0.4145,0.4145,0.4145,0.4145,0.4145,0.4145,0.4145,0.4145,0.4145,0.4145,0.4145,0.4145,0.4145,0.4145,0.4145,0.4145,0.4145,0.4145,0.4145,0.4145,0.4145,0.4145,1,0.4145,1,0.5812,1,0,1,0,0.5812,0.5812,0.8161,0.2526,0.8161,0.2526,0.5812,0.5812,0.5812,0.5812,0.5812,0,0,0.4145,0.4145,0.3547,0.3955,0,0,0
Accomodation,0.5569,0.5569,0.5569,0.5569,0.5569,0.5569,0.5569,0.5569,0.5569,0.5569,0.5569,0.5569,0.5569,0.5569,0.5569,0.5569,0.5569,0.5569,0.5569,0.5569,0.5569,0.5569,0.5569,0.5569,0.5569,0.5569,0.5569,0.5569,0.5569,0.5569,0.5569,0.5569,0.5569,0.5569,0.5569,0.5569,0.5569,0.5569,0.5569,0.5569,0.5569,0.5569,0.5569,0.5569,0.5569,0.5569,0.5569,0.5569,0.5569,0.5569,0.5569,0.5569,0.5569,0.5569,0.5569,0.5569,0.5569,1,0.5569,1,0.9041,1,0,1,0,0.9041,0.9041,0.8127,0.698,0.8127,0.698,0.9041,0.9041,0.9041,0.9041,0.9041,0,0,0.5569,0.5569,0.7368,0.6323,0,0,0
Food_Services_and_Drinking_Places,0.5079,0.5079,0.5079,0.5079,0.5079,0.5079,0.5079,0.5079,0.5079,0.5079,0.5079,0.5079,0.5079,0.5079,0.5079,0.5079,0.5079,0.5079,0.5079,0.5079,0.5079,0.5079,0.5079,0.5079,0.5079,0.5079,0.5079,0.5079,0.5079,0.5079,0.5079,0.5079,0.5079,0.5079,0.5079,0.5079,0.5079,0.5079,0.5079,0.5079,0.5079,0.5079,0.5079,0.5079,0.5079,0.5079,0.5079,0.5079,0.5079,0.5079,0.5079,0.5079,0.5079,0.5079,0.5079,0.5079,0.5079,1,0.5079,1,0.7992,1,0,1,0,0.7992,0.7992,0.6978,0.688,0.6978,0.688,0.7992,0.7992,0.7992,0.7992,0.7992,0,0,0.5079,0.5079,0.4993,0.4859,0,0,0
Other_Services_(Except_Public_Administration),0.1179,0.1179,0.1179,0.1179,0.1179,0.1179,0.1179,0.1179,0.1179,0.1179,0.1179,0.1179,0.1179,0.1179,0.1179,0.1179,0.1179,0.1179,0.1179,0.1179,0.1179,0.1179,0.1179,0.1179,0.1179,0.1179,0.1179,0.1179,0.1179,0.1179,0.1179,0.1179,0.1179,0.1179,0.1179,0.1179,0.1179,0.1179,0.1179,0.1179,0.1179,0.1179,0.1179,0.1179,0.1179,0.1179,0.1179,0.1179,0.1179,0.1179,0.1179,0.1179,0.1179,0.1179,0.1179,0.1179,0.1179,1,0.1179,1,0.3063,1,0,1,0,0.3063,0.3063,0.6438,0.0837,0.6438,0.0837,0.3063,0.3063,0.3063,0.3063,0.3063,0,0,0.1179,0.1179,0.211,0.1414,0,0,0
Owner-occupied_Housing,0,0,0,0,0,0,0,0,0,0,0,0,0,0,0,0,0,0,0,0,0,0,0,0,0,0,0,0,0,0,0,0,0,0,0,0,0,0,0,0,0,0,0,0,0,0,0,0,0,0,0,0,0,0,0,0,0,0,0,0,0,0,0,0,0,0,0,0,0,0,0,0,0,0,0,0,0,0,0,0,0,0,0,0,0
