"Economic Depreciation Rates, by Detailed Industries and Asset Types",,,,,,,,,,,,,,,,,,,,,,,,,,,,,,,,,,,,,,,,,,,,,,,,,,,,,,,,,,,,,,,,,,,,,,,,,,,,,,,,,,,
Industries/Asset types,Computers and peripheral equipment,Communication equipment,Nonelectronic medical instruments,Electronic medical instruments,Nonmedical instruments,Photocopy and related equipment,Office and accounting equipment,Nuclear fuel,Other fabricated metal products,Steam engines,Internal combustion engines,Metalworking machinery,"Special industrial machinery, n.e.c.",General industrial equipment,"Electric transmission, distribution and industrial apparatus",Light trucks (including utility vehicles),"Other trucks, buses, and truck trailers",Autos,Aircraft,Ships and boats,Railroad equipment,Household furniture,Other furniture and fixtures,Other agricultural machinery,Farm tractors,Other construction machinery,Construction tractors,Mining and oilfield machinery,Service industry machinery,Household appliances,"Other electrical equipment, n.e.c",Other nonresidential equipment,Office and medical buildings,Hospitals and special care facilities,Warehouses,Mobile structures,Other commercial buildings,Manufacturing buildings,Electric power structures,Wind and solar power structures,Gas power structures,Petroleum pipelines,Communication structures,Depreciable petroleum and natural gas structures,Depreciable mining structures,Religious buildings,Educational and vocational buildings,Lodging buildings,Amusement and recreation buildings,Track replacement,Other railroad structures,Other transportation structures,Farm buildings,Water supply and sewer and waste disposal facilities,"Public safety, highways, conservation, and development",Oil and gas exploration (geological and geophysical)--integrated,Oil and gas exploration (geological and geophysical)--independent,Oil and gas development (intangible drilling costs)--integrated,Oil and gas development (intangible drilling costs)--independent,Other mineral exploration--C corps,Other mineral exploration--pass-throughs,Other mineral development--C corps,Other mineral development--pass-throughs,Prepackaged software,Custom software,Credit-eligible own account software,Other own-account software,Credit-eligible research and development,Other research and development,Theatrical movies,Long-lived television programs,Books,Music,Other entertainment originals,Reserved for non-BEA intangibles,Reserved for non-BEA intangibles,Residential equipment,Residential buildings,Inventories,Land,Reserved for non-BEA natural resources,Reserved for non-BEA natural resources,Reserved for non-BEA natural resources
Farms,0.3678,0.1113,0.1416,0.1927,0.1414,0.1947,0.3613,0.476,0.0901,0.0521,0.2244,0.1256,0.102,0.107,0.0475,0.2043,0.2009,0.2162,0.1104,0.0612,0.0603,0.1394,0.1196,0.118,0.1441,0.161,0.1716,0.1572,0.1527,0.162,0.191,0.1509,0.0227,0.0175,0.0189,0.0509,0.023,0.0288,0.0201,0.0263,0.0211,0.0212,0.0231,0.0682,0.0435,0.0181,0.0177,0.027,0.0289,0.0243,0.0172,0.0222,0.023,0.022,0.022,0.0682,0.0682,0.0682,0.0682,0.0435,0.0435,0.0435,0.0435,0.7083,0.3813,0.3835,0.3835,0.1745,0.1745,0.0957,0.179,0.1291,0.2978,0.114,0,0,0.1511,0.0235,0,0,0,0,0
"Forestry,_Fishing,_and_Related_Activites",0.3678,0.1113,0.1416,0.1927,0.1414,0.1947,0.3613,0.476,0.0901,0.0521,0.2244,0.1256,0.102,0.107,0.0475,0.2043,0.2009,0.2162,0.1104,0.0612,0.0603,0.1394,0.1196,0.118,0.1441,0.161,0.1716,0.1572,0.1527,0.162,0.191,0.1509,0.0227,0.0175,0.0189,0.0509,0.023,0.0288,0.0201,0.0263,0.0211,0.0212,0.0231,0.0682,0.0435,0.0181,0.0177,0.027,0.0289,0.0243,0.0172,0.0222,0.023,0.022,0.022,0.0682,0.0682,0.0682,0.0682,0.0435,0.0435,0.0435,0.0435,0.7083,0.3813,0.3835,0.3835,0.1745,0.1745,0.0957,0.179,0.1291,0.2978,0.114,0,0,0.1511,0.0235,0,0,0,0,0
Oil_and_Gas_Extraction,0.3678,0.1113,0.1416,0.1927,0.1414,0.1947,0.3613,0.476,0.0901,0.0521,0.2244,0.1256,0.102,0.107,0.0475,0.2043,0.2009,0.2162,0.1104,0.0612,0.0603,0.1394,0.1196,0.118,0.1441,0.161,0.1716,0.1572,0.1527,0.162,0.191,0.1509,0.0227,0.0175,0.0189,0.0509,0.023,0.0288,0.0201,0.0263,0.0211,0.0212,0.0231,0.0682,0.0435,0.0181,0.0177,0.027,0.0289,0.0243,0.0172,0.0222,0.023,0.022,0.022,0.0682,0.0682,0.0682,0.0682,0.0435,0.0435,0.0435,0.0435,0.7083,0.3813,0.3835,0.3835,0.1745,0.1745,0.0957,0.179,0.1291,0.2978,0.114,0,0,0.1511,0.0235,0,0,0,0,0
Mining_(Except_Oil_and_Gas),0.3678,0.1113,0.1416,0.1927,0.1414,0.1947,0.3613,0.476,0.0901,0.0521,0.2244,0.1256,0.102,0.107,0.0475,0.2043,0.2009,0.2162,0.1104,0.0612,0.0603,0.1394,0.1196,0.118,0.1441,0.161,0.1716,0.1572,0.1527,0.162,0.191,0.1509,0.0227,0.0175,0.0189,0.0509,0.023,0.0288,0.0201,0.0263,0.0211,0.0212,0.0231,0.0682,0.0435,0.0181,0.0177,0.027,0.0289,0.0243,0.0172,0.0222,0.023,0.022,0.022,0.0682,0.0682,0.0682,0.0682,0.0435,0.0435,0.0435,0.0435,0.7083,0.3813,0.3835,0.3835,0.1745,0.1745,0.0957,0.179,0.1291,0.2978,0.114,0,0,0.1511,0.0235,0,0,0,0,0
Support_Activities_For_Mining,0.3678,0.1113,0.1416,0.1927,0.1414,0.1947,0.3613,0.476,0.0901,0.0521,0.2244,0.1256,0.102,0.107,0.0475,0.2043,0.2009,0.2162,0.1104,0.0612,0.0603,0.1394,0.1196,0.118,0.1441,0.161,0.1716,0.1572,0.1527,0.162,0.191,0.1509,0.0227,0.0175,0.0189,0.0509,0.023,0.0288,0.0201,0.0263,0.0211,0.0212,0.0231,0.0682,0.0435,0.0181,0.0177,0.027,0.0289,0.0243,0.0172,0.0222,0.023,0.022,0.022,0.0682,0.0682,0.0682,0.0682,0.0435,0.0435,0.0435,0.0435,0.7083,0.3813,0.3835,0.3835,0.1745,0.1745,0.0957,0.179,0.1291,0.2978,0.114,0,0,0.1511,0.0235,0,0,0,0,0
Hydroelectric_Power_Generation,0.3678,0.1113,0.1416,0.1927,0.1414,0.1947,0.3613,0.476,0.0901,0.0521,0.2244,0.1256,0.102,0.107,0.0475,0.2043,0.2009,0.2162,0.1104,0.0612,0.0603,0.1394,0.1196,0.118,0.1441,0.161,0.1716,0.1572,0.1527,0.162,0.191,0.1509,0.0227,0.0175,0.0189,0.0509,0.023,0.0288,0.0201,0.0263,0.0211,0.0212,0.0231,0.0682,0.0435,0.0181,0.0177,0.027,0.0289,0.0243,0.0172,0.0222,0.023,0.022,0.022,0.0682,0.0682,0.0682,0.0682,0.0435,0.0435,0.0435,0.0435,0.7083,0.3813,0.3835,0.3835,0.1745,0.1745,0.0957,0.179,0.1291,0.2978,0.114,0,0,0.1511,0.0235,0,0,0,0,0
Nuclear_Electric_Power_Generation,0.3678,0.1113,0.1416,0.1927,0.1414,0.1947,0.3613,0.476,0.0901,0.0521,0.2244,0.1256,0.102,0.107,0.0475,0.2043,0.2009,0.2162,0.1104,0.0612,0.0603,0.1394,0.1196,0.118,0.1441,0.161,0.1716,0.1572,0.1527,0.162,0.191,0.1509,0.0227,0.0175,0.0189,0.0509,0.023,0.0288,0.0201,0.0263,0.0211,0.0212,0.0231,0.0682,0.0435,0.0181,0.0177,0.027,0.0289,0.0243,0.0172,0.0222,0.023,0.022,0.022,0.0682,0.0682,0.0682,0.0682,0.0435,0.0435,0.0435,0.0435,0.7083,0.3813,0.3835,0.3835,0.1745,0.1745,0.0957,0.179,0.1291,0.2978,0.114,0,0,0.1511,0.0235,0,0,0,0,0
"Fossil_Fuel_Electric_Power_Generation,_Steam_and_Combined_Cycle",0.3678,0.1113,0.1416,0.1927,0.1414,0.1947,0.3613,0.476,0.0901,0.0521,0.2244,0.1256,0.102,0.107,0.0475,0.2043,0.2009,0.2162,0.1104,0.0612,0.0603,0.1394,0.1196,0.118,0.1441,0.161,0.1716,0.1572,0.1527,0.162,0.191,0.1509,0.0227,0.0175,0.0189,0.0509,0.023,0.0288,0.0201,0.0263,0.0211,0.0212,0.0231,0.0682,0.0435,0.0181,0.0177,0.027,0.0289,0.0243,0.0172,0.0222,0.023,0.022,0.022,0.0682,0.0682,0.0682,0.0682,0.0435,0.0435,0.0435,0.0435,0.7083,0.3813,0.3835,0.3835,0.1745,0.1745,0.0957,0.179,0.1291,0.2978,0.114,0,0,0.1511,0.0235,0,0,0,0,0
"Fossil_Fuel_Electric_Power_Generation,_Combustion",0.3678,0.1113,0.1416,0.1927,0.1414,0.1947,0.3613,0.476,0.0901,0.0521,0.2244,0.1256,0.102,0.107,0.0475,0.2043,0.2009,0.2162,0.1104,0.0612,0.0603,0.1394,0.1196,0.118,0.1441,0.161,0.1716,0.1572,0.1527,0.162,0.191,0.1509,0.0227,0.0175,0.0189,0.0509,0.023,0.0288,0.0201,0.0263,0.0211,0.0212,0.0231,0.0682,0.0435,0.0181,0.0177,0.027,0.0289,0.0243,0.0172,0.0222,0.023,0.022,0.022,0.0682,0.0682,0.0682,0.0682,0.0435,0.0435,0.0435,0.0435,0.7083,0.3813,0.3835,0.3835,0.1745,0.1745,0.0957,0.179,0.1291,0.2978,0.114,0,0,0.1511,0.0235,0,0,0,0,0
Other_Electric_Power_Generation,0.3678,0.1113,0.1416,0.1927,0.1414,0.1947,0.3613,0.476,0.0901,0.0521,0.2244,0.1256,0.102,0.107,0.0475,0.2043,0.2009,0.2162,0.1104,0.0612,0.0603,0.1394,0.1196,0.118,0.1441,0.161,0.1716,0.1572,0.1527,0.162,0.191,0.1509,0.0227,0.0175,0.0189,0.0509,0.023,0.0288,0.0201,0.0263,0.0211,0.0212,0.0231,0.0682,0.0435,0.0181,0.0177,0.027,0.0289,0.0243,0.0172,0.0222,0.023,0.022,0.022,0.0682,0.0682,0.0682,0.0682,0.0435,0.0435,0.0435,0.0435,0.7083,0.3813,0.3835,0.3835,0.1745,0.1745,0.0957,0.179,0.1291,0.2978,0.114,0,0,0.1511,0.0235,0,0,0,0,0
Electirc_Power_Transmission_and_Distribution,0.3678,0.1113,0.1416,0.1927,0.1414,0.1947,0.3613,0.476,0.0901,0.0521,0.2244,0.1256,0.102,0.107,0.0475,0.2043,0.2009,0.2162,0.1104,0.0612,0.0603,0.1394,0.1196,0.118,0.1441,0.161,0.1716,0.1572,0.1527,0.162,0.191,0.1509,0.0227,0.0175,0.0189,0.0509,0.023,0.0288,0.0201,0.0263,0.0211,0.0212,0.0231,0.0682,0.0435,0.0181,0.0177,0.027,0.0289,0.0243,0.0172,0.0222,0.023,0.022,0.022,0.0682,0.0682,0.0682,0.0682,0.0435,0.0435,0.0435,0.0435,0.7083,0.3813,0.3835,0.3835,0.1745,0.1745,0.0957,0.179,0.1291,0.2978,0.114,0,0,0.1511,0.0235,0,0,0,0,0
Natural_Gas_Distribution_and_Transmission,0.3678,0.1113,0.1416,0.1927,0.1414,0.1947,0.3613,0.476,0.0901,0.0521,0.2244,0.1256,0.102,0.107,0.0475,0.2043,0.2009,0.2162,0.1104,0.0612,0.0603,0.1394,0.1196,0.118,0.1441,0.161,0.1716,0.1572,0.1527,0.162,0.191,0.1509,0.0227,0.0175,0.0189,0.0509,0.023,0.0288,0.0201,0.0263,0.0211,0.0212,0.0231,0.0682,0.0435,0.0181,0.0177,0.027,0.0289,0.0243,0.0172,0.0222,0.023,0.022,0.022,0.0682,0.0682,0.0682,0.0682,0.0435,0.0435,0.0435,0.0435,0.7083,0.3813,0.3835,0.3835,0.1745,0.1745,0.0957,0.179,0.1291,0.2978,0.114,0,0,0.1511,0.0235,0,0,0,0,0
Water_and_Sewer_Systems,0.3678,0.1113,0.1416,0.1927,0.1414,0.1947,0.3613,0.476,0.0901,0.0521,0.2244,0.1256,0.102,0.107,0.0475,0.2043,0.2009,0.2162,0.1104,0.0612,0.0603,0.1394,0.1196,0.118,0.1441,0.161,0.1716,0.1572,0.1527,0.162,0.191,0.1509,0.0227,0.0175,0.0189,0.0509,0.023,0.0288,0.0201,0.0263,0.0211,0.0212,0.0231,0.0682,0.0435,0.0181,0.0177,0.027,0.0289,0.0243,0.0172,0.0222,0.023,0.022,0.022,0.0682,0.0682,0.0682,0.0682,0.0435,0.0435,0.0435,0.0435,0.7083,0.3813,0.3835,0.3835,0.1745,0.1745,0.0957,0.179,0.1291,0.2978,0.114,0,0,0.1511,0.0235,0,0,0,0,0
Construction,0.3678,0.1113,0.1416,0.1927,0.1414,0.1947,0.3613,0.476,0.0901,0.0521,0.2244,0.1256,0.102,0.107,0.0475,0.2043,0.2009,0.2162,0.1104,0.0612,0.0603,0.1394,0.1196,0.118,0.1441,0.161,0.1716,0.1572,0.1527,0.162,0.191,0.1509,0.0227,0.0175,0.0189,0.0509,0.023,0.0288,0.0201,0.0263,0.0211,0.0212,0.0231,0.0682,0.0435,0.0181,0.0177,0.027,0.0289,0.0243,0.0172,0.0222,0.023,0.022,0.022,0.0682,0.0682,0.0682,0.0682,0.0435,0.0435,0.0435,0.0435,0.7083,0.3813,0.3835,0.3835,0.1745,0.1745,0.0957,0.179,0.1291,0.2978,0.114,0,0,0.1511,0.0235,0,0,0,0,0
"Grain,_Sugar,_and_Vegetable_Oil_Products_Manufacturing",0.3678,0.1113,0.1416,0.1927,0.1414,0.1947,0.3613,0.476,0.0901,0.0521,0.2244,0.0996,0.0808,0.085,0.0475,0.2043,0.2009,0.2162,0.1104,0.0612,0.0603,0.1394,0.1196,0.118,0.1441,0.161,0.1716,0.1572,0.1527,0.162,0.191,0.1509,0.0227,0.0175,0.0189,0.0509,0.023,0.0288,0.0201,0.0263,0.0211,0.0212,0.0231,0.0682,0.0435,0.0181,0.0177,0.027,0.0289,0.0243,0.0172,0.0222,0.023,0.022,0.022,0.0682,0.0682,0.0682,0.0682,0.0435,0.0435,0.0435,0.0435,0.7083,0.3813,0.3835,0.3835,0.1745,0.1745,0.0957,0.179,0.1291,0.2978,0.114,0,0,0.1511,0.0235,0,0,0,0,0
Other_Food_Products_Manufacturing,0.3678,0.1113,0.1416,0.1927,0.1414,0.1947,0.3613,0.476,0.0901,0.0521,0.2244,0.0996,0.0808,0.085,0.0475,0.2043,0.2009,0.2162,0.1104,0.0612,0.0603,0.1394,0.1196,0.118,0.1441,0.161,0.1716,0.1572,0.1527,0.162,0.191,0.1509,0.0227,0.0175,0.0189,0.0509,0.023,0.0288,0.0201,0.0263,0.0211,0.0212,0.0231,0.0682,0.0435,0.0181,0.0177,0.027,0.0289,0.0243,0.0172,0.0222,0.023,0.022,0.022,0.0682,0.0682,0.0682,0.0682,0.0435,0.0435,0.0435,0.0435,0.7083,0.3813,0.3835,0.3835,0.1745,0.1745,0.0957,0.179,0.1291,0.2978,0.114,0,0,0.1511,0.0235,0,0,0,0,0
Beverage_and_Tobacco_Products_Manufacturing,0.3678,0.1113,0.1416,0.1927,0.1414,0.1947,0.3613,0.476,0.0901,0.0521,0.2244,0.0996,0.0808,0.085,0.0475,0.2043,0.2009,0.2162,0.1104,0.0612,0.0603,0.1394,0.1196,0.118,0.1441,0.161,0.1716,0.1572,0.1527,0.162,0.191,0.1509,0.0227,0.0175,0.0189,0.0509,0.023,0.0288,0.0201,0.0263,0.0211,0.0212,0.0231,0.0682,0.0435,0.0181,0.0177,0.027,0.0289,0.0243,0.0172,0.0222,0.023,0.022,0.022,0.0682,0.0682,0.0682,0.0682,0.0435,0.0435,0.0435,0.0435,0.7083,0.3813,0.3835,0.3835,0.1745,0.1745,0.0957,0.179,0.1291,0.2978,0.114,0,0,0.1511,0.0235,0,0,0,0,0
"Knitted_Goods,_Carpets,_and_Textile_Finishing_Manufacturing",0.3678,0.1113,0.1416,0.1927,0.1414,0.1947,0.3613,0.476,0.0901,0.0521,0.2244,0.1257,0.1053,0.1102,0.0475,0.2043,0.2009,0.2162,0.1104,0.0612,0.0603,0.1394,0.1196,0.118,0.1441,0.161,0.1716,0.1572,0.1527,0.162,0.191,0.1509,0.0227,0.0175,0.0189,0.0509,0.023,0.0288,0.0201,0.0263,0.0211,0.0212,0.0231,0.0682,0.0435,0.0181,0.0177,0.027,0.0289,0.0243,0.0172,0.0222,0.023,0.022,0.022,0.0682,0.0682,0.0682,0.0682,0.0435,0.0435,0.0435,0.0435,0.7083,0.3813,0.3835,0.3835,0.1745,0.1745,0.0957,0.179,0.1291,0.2978,0.114,0,0,0.1511,0.0235,0,0,0,0,0
Other_Textile_and_Textile_Product_Mills,0.3678,0.1113,0.1416,0.1927,0.1414,0.1947,0.3613,0.476,0.0901,0.0521,0.2244,0.1257,0.1053,0.1102,0.0475,0.2043,0.2009,0.2162,0.1104,0.0612,0.0603,0.1394,0.1196,0.118,0.1441,0.161,0.1716,0.1572,0.1527,0.162,0.191,0.1509,0.0227,0.0175,0.0189,0.0509,0.023,0.0288,0.0201,0.0263,0.0211,0.0212,0.0231,0.0682,0.0435,0.0181,0.0177,0.027,0.0289,0.0243,0.0172,0.0222,0.023,0.022,0.022,0.0682,0.0682,0.0682,0.0682,0.0435,0.0435,0.0435,0.0435,0.7083,0.3813,0.3835,0.3835,0.1745,0.1745,0.0957,0.179,0.1291,0.2978,0.114,0,0,0.1511,0.0235,0,0,0,0,0
Apparel_Manufacturing,0.3678,0.1113,0.1416,0.1927,0.1414,0.1947,0.3613,0.476,0.0901,0.0521,0.2244,0.1389,0.1163,0.12,0.0475,0.2043,0.2009,0.2162,0.1104,0.0612,0.0603,0.1394,0.1196,0.118,0.1441,0.161,0.1716,0.1572,0.1527,0.162,0.191,0.1509,0.0227,0.0175,0.0189,0.0509,0.023,0.0288,0.0201,0.0263,0.0211,0.0212,0.0231,0.0682,0.0435,0.0181,0.0177,0.027,0.0289,0.0243,0.0172,0.0222,0.023,0.022,0.022,0.0682,0.0682,0.0682,0.0682,0.0435,0.0435,0.0435,0.0435,0.7083,0.3813,0.3835,0.3835,0.1745,0.1745,0.0957,0.179,0.1291,0.2978,0.114,0,0,0.1511,0.0235,0,0,0,0,0
Leather_and_Allied_Products_Manufacturing,0.3678,0.1113,0.1416,0.1927,0.1414,0.1947,0.3613,0.476,0.0901,0.0521,0.2244,0.1389,0.1163,0.12,0.0475,0.2043,0.2009,0.2162,0.1104,0.0612,0.0603,0.1394,0.1196,0.118,0.1441,0.161,0.1716,0.1572,0.1527,0.162,0.191,0.1509,0.0227,0.0175,0.0189,0.0509,0.023,0.0288,0.0201,0.0263,0.0211,0.0212,0.0231,0.0682,0.0435,0.0181,0.0177,0.027,0.0289,0.0243,0.0172,0.0222,0.023,0.022,0.022,0.0682,0.0682,0.0682,0.0682,0.0435,0.0435,0.0435,0.0435,0.7083,0.3813,0.3835,0.3835,0.1745,0.1745,0.0957,0.179,0.1291,0.2978,0.114,0,0,0.1511,0.0235,0,0,0,0,0
Wood_Product_Manufacturing,0.3678,0.1113,0.1416,0.1927,0.1414,0.1947,0.3613,0.476,0.0901,0.0521,0.2244,0.1706,0.1385,0.1468,0.0475,0.2043,0.2009,0.2162,0.1104,0.0612,0.0603,0.1394,0.1196,0.118,0.1441,0.161,0.1716,0.1572,0.1527,0.162,0.191,0.1509,0.0227,0.0175,0.0189,0.0509,0.023,0.0288,0.0201,0.0263,0.0211,0.0212,0.0231,0.0682,0.0435,0.0181,0.0177,0.027,0.0289,0.0243,0.0172,0.0222,0.023,0.022,0.022,0.0682,0.0682,0.0682,0.0682,0.0435,0.0435,0.0435,0.0435,0.7083,0.3813,0.3835,0.3835,0.1745,0.1745,0.0957,0.179,0.1291,0.2978,0.114,0,0,0.1511,0.0235,0,0,0,0,0
Paper_Manufacturing,0.3678,0.1113,0.1416,0.1927,0.1414,0.1947,0.3613,0.476,0.0901,0.0521,0.2244,0.1244,0.1028,0.1083,0.0475,0.2043,0.2009,0.2162,0.1104,0.0612,0.0603,0.1394,0.1196,0.118,0.1441,0.161,0.1716,0.1572,0.1527,0.162,0.191,0.1509,0.0227,0.0175,0.0189,0.0509,0.023,0.0288,0.0201,0.0263,0.0211,0.0212,0.0231,0.0682,0.0435,0.0181,0.0177,0.027,0.0289,0.0243,0.0172,0.0222,0.023,0.022,0.022,0.0682,0.0682,0.0682,0.0682,0.0435,0.0435,0.0435,0.0435,0.7083,0.3813,0.3835,0.3835,0.1745,0.1745,0.0957,0.179,0.1291,0.2978,0.114,0,0,0.1511,0.0235,0,0,0,0,0
Printing_and_Related_Support_Activities,0.3678,0.1113,0.1416,0.1927,0.1414,0.1947,0.3613,0.476,0.0901,0.0521,0.2244,0.1393,0.1132,0.1186,0.0475,0.2043,0.2009,0.2162,0.1104,0.0612,0.0603,0.1394,0.1196,0.118,0.1441,0.161,0.1716,0.1572,0.1527,0.162,0.191,0.1509,0.0227,0.0175,0.0189,0.0509,0.023,0.0288,0.0201,0.0263,0.0211,0.0212,0.0231,0.0682,0.0435,0.0181,0.0177,0.027,0.0289,0.0243,0.0172,0.0222,0.023,0.022,0.022,0.0682,0.0682,0.0682,0.0682,0.0435,0.0435,0.0435,0.0435,0.7083,0.3813,0.3835,0.3835,0.1745,0.1745,0.0957,0.179,0.1291,0.2978,0.114,0,0,0.1511,0.0235,0,0,0,0,0
Petroleum_Refining,0.3678,0.1113,0.1416,0.1927,0.1414,0.1947,0.3613,0.476,0.0901,0.0521,0.2244,0.0976,0.0753,0.0787,0.0475,0.2043,0.2009,0.2162,0.1104,0.0612,0.0603,0.1394,0.1196,0.118,0.1441,0.161,0.1716,0.1572,0.1527,0.162,0.191,0.1509,0.0227,0.0175,0.0189,0.0509,0.023,0.0288,0.0201,0.0263,0.0211,0.0212,0.0231,0.0682,0.0435,0.0181,0.0177,0.027,0.0289,0.0243,0.0172,0.0222,0.023,0.022,0.022,0.0682,0.0682,0.0682,0.0682,0.0435,0.0435,0.0435,0.0435,0.7083,0.3813,0.3835,0.3835,0.1745,0.1745,0.0957,0.179,0.1291,0.2978,0.114,0,0,0.1511,0.0235,0,0,0,0,0
Other_Petroleum_and_Coal_Products_Manufacturing,0.3678,0.1113,0.1416,0.1927,0.1414,0.1947,0.3613,0.476,0.0901,0.0521,0.2244,0.0976,0.0753,0.0787,0.0475,0.2043,0.2009,0.2162,0.1104,0.0612,0.0603,0.1394,0.1196,0.118,0.1441,0.161,0.1716,0.1572,0.1527,0.162,0.191,0.1509,0.0227,0.0175,0.0189,0.0509,0.023,0.0288,0.0201,0.0263,0.0211,0.0212,0.0231,0.0682,0.0435,0.0181,0.0177,0.027,0.0289,0.0243,0.0172,0.0222,0.023,0.022,0.022,0.0682,0.0682,0.0682,0.0682,0.0435,0.0435,0.0435,0.0435,0.7083,0.3813,0.3835,0.3835,0.1745,0.1745,0.0957,0.179,0.1291,0.2978,0.114,0,0,0.1511,0.0235,0,0,0,0,0
Chemical_Manufacturing,0.3678,0.1113,0.1416,0.1927,0.1414,0.1947,0.3613,0.476,0.0901,0.0521,0.2244,0.1272,0.1028,0.1086,0.0475,0.2043,0.2009,0.2162,0.1104,0.0612,0.0603,0.1394,0.1196,0.118,0.1441,0.161,0.1716,0.1572,0.1527,0.162,0.191,0.1509,0.0227,0.0175,0.0189,0.0509,0.023,0.0288,0.0201,0.0263,0.0211,0.0212,0.0231,0.0682,0.0435,0.0181,0.0177,0.027,0.0289,0.0243,0.0172,0.0222,0.023,0.022,0.022,0.0682,0.0682,0.0682,0.0682,0.0435,0.0435,0.0435,0.0435,0.7083,0.3813,0.3835,0.3835,0.1066,0.1066,0.0957,0.179,0.1291,0.2978,0.114,0,0,0.1511,0.0235,0,0,0,0,0
Plastics_and_Rubber_Products_Manufacturing,0.3678,0.1113,0.1416,0.1927,0.1414,0.1947,0.3613,0.476,0.0901,0.0521,0.2244,0.1482,0.1176,0.1244,0.0475,0.2043,0.2009,0.2162,0.1104,0.0612,0.0603,0.1394,0.1196,0.118,0.1441,0.161,0.1716,0.1572,0.1527,0.162,0.191,0.1509,0.0227,0.0175,0.0189,0.0509,0.023,0.0288,0.0201,0.0263,0.0211,0.0212,0.0231,0.0682,0.0435,0.0181,0.0177,0.027,0.0289,0.0243,0.0172,0.0222,0.023,0.022,0.022,0.0682,0.0682,0.0682,0.0682,0.0435,0.0435,0.0435,0.0435,0.7083,0.3813,0.3835,0.3835,0.1745,0.1745,0.0957,0.179,0.1291,0.2978,0.114,0,0,0.1511,0.0235,0,0,0,0,0
Glass_Products_Manufacturing,0.3678,0.1113,0.1416,0.1927,0.1414,0.1947,0.3613,0.476,0.0901,0.0521,0.2244,0.1067,0.0864,0.0905,0.0475,0.2043,0.2009,0.2162,0.1104,0.0612,0.0603,0.1394,0.1196,0.118,0.1441,0.161,0.1716,0.1572,0.1527,0.162,0.191,0.1509,0.0227,0.0175,0.0189,0.0509,0.023,0.0288,0.0201,0.0263,0.0211,0.0212,0.0231,0.0682,0.0435,0.0181,0.0177,0.027,0.0289,0.0243,0.0172,0.0222,0.023,0.022,0.022,0.0682,0.0682,0.0682,0.0682,0.0435,0.0435,0.0435,0.0435,0.7083,0.3813,0.3835,0.3835,0.1745,0.1745,0.0957,0.179,0.1291,0.2978,0.114,0,0,0.1511,0.0235,0,0,0,0,0
Cement_Manufacturing,0.3678,0.1113,0.1416,0.1927,0.1414,0.1947,0.3613,0.476,0.0901,0.0521,0.2244,0.1067,0.0864,0.0905,0.0475,0.2043,0.2009,0.2162,0.1104,0.0612,0.0603,0.1394,0.1196,0.118,0.1441,0.161,0.1716,0.1572,0.1527,0.162,0.191,0.1509,0.0227,0.0175,0.0189,0.0509,0.023,0.0288,0.0201,0.0263,0.0211,0.0212,0.0231,0.0682,0.0435,0.0181,0.0177,0.027,0.0289,0.0243,0.0172,0.0222,0.023,0.022,0.022,0.0682,0.0682,0.0682,0.0682,0.0435,0.0435,0.0435,0.0435,0.7083,0.3813,0.3835,0.3835,0.1745,0.1745,0.0957,0.179,0.1291,0.2978,0.114,0,0,0.1511,0.0235,0,0,0,0,0
Other_Nonmetalic_Mineral_Products_Manufacturing,0.3678,0.1113,0.1416,0.1927,0.1414,0.1947,0.3613,0.476,0.0901,0.0521,0.2244,0.1067,0.0864,0.0905,0.0475,0.2043,0.2009,0.2162,0.1104,0.0612,0.0603,0.1394,0.1196,0.118,0.1441,0.161,0.1716,0.1572,0.1527,0.162,0.191,0.1509,0.0227,0.0175,0.0189,0.0509,0.023,0.0288,0.0201,0.0263,0.0211,0.0212,0.0231,0.0682,0.0435,0.0181,0.0177,0.027,0.0289,0.0243,0.0172,0.0222,0.023,0.022,0.022,0.0682,0.0682,0.0682,0.0682,0.0435,0.0435,0.0435,0.0435,0.7083,0.3813,0.3835,0.3835,0.1745,0.1745,0.0957,0.179,0.1291,0.2978,0.114,0,0,0.1511,0.0235,0,0,0,0,0
Primary_Ferrous_Metal_Manufacturing,0.3678,0.1113,0.1416,0.1927,0.1414,0.1947,0.3613,0.476,0.0901,0.0521,0.2244,0.0728,0.0601,0.0627,0.0475,0.2043,0.2009,0.2162,0.1104,0.0612,0.0603,0.1394,0.1196,0.118,0.1441,0.161,0.1716,0.1572,0.1527,0.162,0.191,0.1509,0.0227,0.0175,0.0189,0.0509,0.023,0.0288,0.0201,0.0263,0.0211,0.0212,0.0231,0.0682,0.0435,0.0181,0.0177,0.027,0.0289,0.0243,0.0172,0.0222,0.023,0.022,0.022,0.0682,0.0682,0.0682,0.0682,0.0435,0.0435,0.0435,0.0435,0.7083,0.3813,0.3835,0.3835,0.1745,0.1745,0.0957,0.179,0.1291,0.2978,0.114,0,0,0.1511,0.0235,0,0,0,0,0
Primary_Nonferrous_Metal_Manufacturing,0.3678,0.1113,0.1416,0.1927,0.1414,0.1947,0.3613,0.476,0.0901,0.0521,0.2244,0.0728,0.0601,0.0627,0.0475,0.2043,0.2009,0.2162,0.1104,0.0612,0.0603,0.1394,0.1196,0.118,0.1441,0.161,0.1716,0.1572,0.1527,0.162,0.191,0.1509,0.0227,0.0175,0.0189,0.0509,0.023,0.0288,0.0201,0.0263,0.0211,0.0212,0.0231,0.0682,0.0435,0.0181,0.0177,0.027,0.0289,0.0243,0.0172,0.0222,0.023,0.022,0.022,0.0682,0.0682,0.0682,0.0682,0.0435,0.0435,0.0435,0.0435,0.7083,0.3813,0.3835,0.3835,0.1745,0.1745,0.0957,0.179,0.1291,0.2978,0.114,0,0,0.1511,0.0235,0,0,0,0,0
Fabricated_Metal_Product_Manufacturing,0.3678,0.1113,0.1416,0.1927,0.1414,0.1947,0.3613,0.476,0.0901,0.0521,0.2244,0.0821,0.0691,0.0717,0.0475,0.2043,0.2009,0.2162,0.1104,0.0612,0.0603,0.1394,0.1196,0.118,0.1441,0.161,0.1716,0.1572,0.1527,0.162,0.191,0.1509,0.0227,0.0175,0.0189,0.0509,0.023,0.0288,0.0201,0.0263,0.0211,0.0212,0.0231,0.0682,0.0435,0.0181,0.0177,0.027,0.0289,0.0243,0.0172,0.0222,0.023,0.022,0.022,0.0682,0.0682,0.0682,0.0682,0.0435,0.0435,0.0435,0.0435,0.7083,0.3813,0.3835,0.3835,0.1745,0.1745,0.0957,0.179,0.1291,0.2978,0.114,0,0,0.1511,0.0235,0,0,0,0,0
Machinery_Manufacturing,0.3678,0.1113,0.1416,0.1927,0.1414,0.1947,0.3613,0.476,0.0901,0.0521,0.2244,0.0789,0.0655,0.0683,0.0475,0.2043,0.2009,0.2162,0.1104,0.0612,0.0603,0.1394,0.1196,0.118,0.1441,0.161,0.1716,0.1572,0.1527,0.162,0.191,0.1509,0.0227,0.0175,0.0189,0.0509,0.023,0.0288,0.0201,0.0263,0.0211,0.0212,0.0231,0.0682,0.0435,0.0181,0.0177,0.027,0.0289,0.0243,0.0172,0.0222,0.023,0.022,0.022,0.0682,0.0682,0.0682,0.0682,0.0435,0.0435,0.0435,0.0435,0.7083,0.3813,0.3835,0.3835,0.1745,0.1745,0.0957,0.179,0.1291,0.2978,0.114,0,0,0.1511,0.0235,0,0,0,0,0
Computer_and_Electronic_Product_Manufacturing,0.3678,0.1113,0.1416,0.1927,0.1414,0.1947,0.3613,0.476,0.0901,0.0521,0.2244,0.1494,0.1193,0.1259,0.0475,0.2043,0.2009,0.2162,0.1104,0.0612,0.0603,0.1394,0.1196,0.118,0.1441,0.161,0.1716,0.1572,0.1527,0.162,0.191,0.1509,0.0227,0.0175,0.0189,0.0509,0.023,0.0288,0.0201,0.0263,0.0211,0.0212,0.0231,0.0682,0.0435,0.0181,0.0177,0.027,0.0289,0.0243,0.0172,0.0222,0.023,0.022,0.022,0.0682,0.0682,0.0682,0.0682,0.0435,0.0435,0.0435,0.0435,0.7083,0.3813,0.3835,0.3835,0.318,0.318,0.0957,0.179,0.1291,0.2978,0.114,0,0,0.1511,0.0235,0,0,0,0,0
"Electrical_Equipment,_Appliances,_and_Components_Manufacturing",0.3678,0.1113,0.1416,0.1927,0.1414,0.1947,0.3613,0.476,0.0901,0.0521,0.2244,0.1492,0.1202,0.1267,0.0475,0.2043,0.2009,0.2162,0.1104,0.0612,0.0603,0.1394,0.1196,0.118,0.1441,0.161,0.1716,0.1572,0.1527,0.162,0.191,0.1509,0.0227,0.0175,0.0189,0.0509,0.023,0.0288,0.0201,0.0263,0.0211,0.0212,0.0231,0.0682,0.0435,0.0181,0.0177,0.027,0.0289,0.0243,0.0172,0.0222,0.023,0.022,0.022,0.0682,0.0682,0.0682,0.0682,0.0435,0.0435,0.0435,0.0435,0.7083,0.3813,0.3835,0.3835,0.1745,0.1745,0.0957,0.179,0.1291,0.2978,0.114,0,0,0.1511,0.0235,0,0,0,0,0
Motor_Vehicle_and_Parts_Manufacturing,0.3678,0.1113,0.1416,0.1927,0.1414,0.1947,0.3613,0.476,0.0901,0.0521,0.2244,0.1479,0.1201,0.1266,0.0475,0.2043,0.2009,0.2162,0.1104,0.0612,0.0603,0.1394,0.1196,0.118,0.1441,0.161,0.1716,0.1572,0.1527,0.162,0.191,0.1509,0.0227,0.0175,0.0189,0.0509,0.023,0.0288,0.0201,0.0263,0.0211,0.0212,0.0231,0.0682,0.0435,0.0181,0.0177,0.027,0.0289,0.0243,0.0172,0.0222,0.023,0.022,0.022,0.0682,0.0682,0.0682,0.0682,0.0435,0.0435,0.0435,0.0435,0.7083,0.3813,0.3835,0.3835,0.3581,0.3581,0.0957,0.179,0.1291,0.2978,0.114,0,0,0.1511,0.0235,0,0,0,0,0
Ships_and_Boats_Manufacturing,0.3678,0.1113,0.1416,0.1927,0.1414,0.1947,0.3613,0.476,0.0901,0.0521,0.2244,0.1174,0.0957,0.1005,0.0475,0.2043,0.2009,0.2162,0.1104,0.0612,0.0603,0.1394,0.1196,0.118,0.1441,0.161,0.1716,0.1572,0.1527,0.162,0.191,0.1509,0.0227,0.0175,0.0189,0.0509,0.023,0.0288,0.0201,0.0263,0.0211,0.0212,0.0231,0.0682,0.0435,0.0181,0.0177,0.027,0.0289,0.0243,0.0172,0.0222,0.023,0.022,0.022,0.0682,0.0682,0.0682,0.0682,0.0435,0.0435,0.0435,0.0435,0.7083,0.3813,0.3835,0.3835,0.2344,0.2344,0.0957,0.179,0.1291,0.2978,0.114,0,0,0.1511,0.0235,0,0,0,0,0
Other_Transportation_Equipment_Manufacturing,0.3678,0.1113,0.1416,0.1927,0.1414,0.1947,0.3613,0.476,0.0901,0.0521,0.2244,0.1174,0.0957,0.1005,0.0475,0.2043,0.2009,0.2162,0.1104,0.0612,0.0603,0.1394,0.1196,0.118,0.1441,0.161,0.1716,0.1572,0.1527,0.162,0.191,0.1509,0.0227,0.0175,0.0189,0.0509,0.023,0.0288,0.0201,0.0263,0.0211,0.0212,0.0231,0.0682,0.0435,0.0181,0.0177,0.027,0.0289,0.0243,0.0172,0.0222,0.023,0.022,0.022,0.0682,0.0682,0.0682,0.0682,0.0435,0.0435,0.0435,0.0435,0.7083,0.3813,0.3835,0.3835,0.2344,0.2344,0.0957,0.179,0.1291,0.2978,0.114,0,0,0.1511,0.0235,0,0,0,0,0
Furniture_and_Related_Products_Manufacturing,0.3678,0.1113,0.1416,0.1927,0.1414,0.1947,0.3613,0.476,0.0901,0.0521,0.2244,0.1436,0.1165,0.123,0.0475,0.2043,0.2009,0.2162,0.1104,0.0612,0.0603,0.1394,0.1196,0.118,0.1441,0.161,0.1716,0.1572,0.1527,0.162,0.191,0.1509,0.0227,0.0175,0.0189,0.0509,0.023,0.0288,0.0201,0.0263,0.0211,0.0212,0.0231,0.0682,0.0435,0.0181,0.0177,0.027,0.0289,0.0243,0.0172,0.0222,0.023,0.022,0.022,0.0682,0.0682,0.0682,0.0682,0.0435,0.0435,0.0435,0.0435,0.7083,0.3813,0.3835,0.3835,0.1745,0.1745,0.0957,0.179,0.1291,0.2978,0.114,0,0,0.1511,0.0235,0,0,0,0,0
Medical_and_Dental_Supplies_Manufacturing,0.3678,0.1113,0.1416,0.1927,0.1414,0.1947,0.3613,0.476,0.0901,0.0521,0.2244,0.1338,0.104,0.1169,0.0475,0.2043,0.2009,0.2162,0.1104,0.0612,0.0603,0.1394,0.1196,0.118,0.1441,0.161,0.1716,0.1572,0.1527,0.162,0.191,0.1509,0.0227,0.0175,0.0189,0.0509,0.023,0.0288,0.0201,0.0263,0.0211,0.0212,0.0231,0.0682,0.0435,0.0181,0.0177,0.027,0.0289,0.0243,0.0172,0.0222,0.023,0.022,0.022,0.0682,0.0682,0.0682,0.0682,0.0435,0.0435,0.0435,0.0435,0.7083,0.3813,0.3835,0.3835,0.1745,0.1745,0.0957,0.179,0.1291,0.2978,0.114,0,0,0.1511,0.0235,0,0,0,0,0
Other_Miscellaneous_Manufacturing,0.3678,0.1113,0.1416,0.1927,0.1414,0.1947,0.3613,0.476,0.0901,0.0521,0.2244,0.1338,0.104,0.1169,0.0475,0.2043,0.2009,0.2162,0.1104,0.0612,0.0603,0.1394,0.1196,0.118,0.1441,0.161,0.1716,0.1572,0.1527,0.162,0.191,0.1509,0.0227,0.0175,0.0189,0.0509,0.023,0.0288,0.0201,0.0263,0.0211,0.0212,0.0231,0.0682,0.0435,0.0181,0.0177,0.027,0.0289,0.0243,0.0172,0.0222,0.023,0.022,0.022,0.0682,0.0682,0.0682,0.0682,0.0435,0.0435,0.0435,0.0435,0.7083,0.3813,0.3835,0.3835,0.1745,0.1745,0.0957,0.179,0.1291,0.2978,0.114,0,0,0.1511,0.0235,0,0,0,0,0
Wholesale_Trade,0.3678,0.1113,0.1416,0.1927,0.1414,0.1947,0.3613,0.476,0.0901,0.0521,0.2244,0.1256,0.102,0.107,0.0475,0.2043,0.2009,0.2162,0.1104,0.0612,0.0603,0.1394,0.1196,0.118,0.1441,0.161,0.1716,0.1572,0.1709,0.162,0.191,0.1509,0.0227,0.0175,0.0189,0.0509,0.023,0.0288,0.0201,0.0263,0.0211,0.0212,0.0231,0.0682,0.0435,0.0181,0.0177,0.027,0.0289,0.0243,0.0172,0.0222,0.023,0.022,0.022,0.0682,0.0682,0.0682,0.0682,0.0435,0.0435,0.0435,0.0435,0.7083,0.3813,0.3835,0.3835,0.1745,0.1745,0.0957,0.179,0.1291,0.2978,0.114,0,0,0.1511,0.0235,0,0,0,0,0
Gas_Stations,0.3678,0.1113,0.1416,0.1927,0.1414,0.1947,0.3613,0.476,0.0901,0.0521,0.2244,0.1256,0.102,0.107,0.0475,0.2043,0.2009,0.2162,0.1104,0.0612,0.0603,0.1394,0.1196,0.118,0.1441,0.161,0.1716,0.1572,0.1654,0.162,0.191,0.1509,0.0227,0.0175,0.0189,0.0509,0.023,0.0288,0.0201,0.0263,0.0211,0.0212,0.0231,0.0682,0.0435,0.0181,0.0177,0.027,0.0289,0.0243,0.0172,0.0222,0.023,0.022,0.022,0.0682,0.0682,0.0682,0.0682,0.0435,0.0435,0.0435,0.0435,0.7083,0.3813,0.3835,0.3835,0.1745,0.1745,0.0957,0.179,0.1291,0.2978,0.114,0,0,0.1511,0.0235,0,0,0,0,0
Other_Retail_Trade,0.3678,0.1113,0.1416,0.1927,0.1414,0.1947,0.3613,0.476,0.0901,0.0521,0.2244,0.1256,0.102,0.107,0.0475,0.2043,0.2009,0.2162,0.1104,0.0612,0.0603,0.1394,0.1196,0.118,0.1441,0.161,0.1716,0.1572,0.1654,0.162,0.191,0.1509,0.0227,0.0175,0.0189,0.0509,0.023,0.0288,0.0201,0.0263,0.0211,0.0212,0.0231,0.0682,0.0435,0.0181,0.0177,0.027,0.0289,0.0243,0.0172,0.0222,0.023,0.022,0.022,0.0682,0.0682,0.0682,0.0682,0.0435,0.0435,0.0435,0.0435,0.7083,0.3813,0.3835,0.3835,0.1745,0.1745,0.0957,0.179,0.1291,0.2978,0.114,0,0,0.1511,0.0235,0,0,0,0,0
Air_Transportation,0.3678,0.1113,0.1416,0.1927,0.1414,0.1947,0.3613,0.476,0.0901,0.0521,0.2244,0.1256,0.102,0.107,0.0475,0.2043,0.2009,0.2162,0.0666,0.0612,0.0603,0.1394,0.1196,0.118,0.1441,0.161,0.1716,0.1572,0.1527,0.162,0.191,0.1509,0.0227,0.0175,0.0189,0.0509,0.023,0.0288,0.0201,0.0263,0.0211,0.0212,0.0231,0.0682,0.0435,0.0181,0.0177,0.027,0.0289,0.0243,0.0172,0.0222,0.023,0.022,0.022,0.0682,0.0682,0.0682,0.0682,0.0435,0.0435,0.0435,0.0435,0.7083,0.3813,0.3835,0.3835,0.1745,0.1745,0.0957,0.179,0.1291,0.2978,0.114,0,0,0.1511,0.0235,0,0,0,0,0
Rail_Transportation,0.3678,0.1113,0.1416,0.1927,0.1414,0.1947,0.3613,0.476,0.0901,0.0521,0.2244,0.1256,0.102,0.107,0.0475,0.2043,0.2009,0.2162,0.1104,0.0612,0.0603,0.1394,0.1196,0.118,0.1441,0.161,0.1716,0.1572,0.1527,0.162,0.191,0.1509,0.0227,0.0175,0.0189,0.0509,0.023,0.0288,0.0201,0.0263,0.0211,0.0212,0.0231,0.0682,0.0435,0.0181,0.0177,0.027,0.0289,0.0243,0.0172,0.0222,0.023,0.022,0.022,0.0682,0.0682,0.0682,0.0682,0.0435,0.0435,0.0435,0.0435,0.7083,0.3813,0.3835,0.3835,0.1745,0.1745,0.0957,0.179,0.1291,0.2978,0.114,0,0,0.1511,0.0235,0,0,0,0,0
Water_Transportation,0.3678,0.1113,0.1416,0.1927,0.1414,0.1947,0.3613,0.476,0.0901,0.0521,0.2244,0.1256,0.102,0.107,0.0475,0.2043,0.2009,0.2162,0.1104,0.0612,0.0603,0.1394,0.1196,0.118,0.1441,0.161,0.1716,0.1572,0.1527,0.162,0.191,0.1509,0.0227,0.0175,0.0189,0.0509,0.023,0.0288,0.0201,0.0263,0.0211,0.0212,0.0231,0.0682,0.0435,0.0181,0.0177,0.027,0.0289,0.0243,0.0172,0.0222,0.023,0.022,0.022,0.0682,0.0682,0.0682,0.0682,0.0435,0.0435,0.0435,0.0435,0.7083,0.3813,0.3835,0.3835,0.1745,0.1745,0.0957,0.179,0.1291,0.2978,0.114,0,0,0.1511,0.0235,0,0,0,0,0
Truck_Transportation,0.3678,0.1113,0.1416,0.1927,0.1414,0.1947,0.3613,0.476,0.0901,0.0521,0.2244,0.1256,0.102,0.107,0.0475,0.2043,0.1801,0.2162,0.1104,0.0612,0.0603,0.1394,0.1196,0.118,0.1441,0.161,0.1716,0.1572,0.1527,0.162,0.191,0.1509,0.0227,0.0175,0.0189,0.0509,0.023,0.0288,0.0201,0.0263,0.0211,0.0212,0.0231,0.0682,0.0435,0.0181,0.0177,0.027,0.0289,0.0243,0.0172,0.0222,0.023,0.022,0.022,0.0682,0.0682,0.0682,0.0682,0.0435,0.0435,0.0435,0.0435,0.7083,0.3813,0.3835,0.3835,0.1745,0.1745,0.0957,0.179,0.1291,0.2978,0.114,0,0,0.1511,0.0235,0,0,0,0,0
Transit_and_Ground_Passenger_Transportation,0.3678,0.1113,0.1416,0.1927,0.1414,0.1947,0.3613,0.476,0.0901,0.0521,0.2244,0.1256,0.102,0.107,0.0475,0.2043,0.1239,0.2162,0.1104,0.0612,0.0603,0.1394,0.1196,0.118,0.1441,0.161,0.1716,0.1572,0.1527,0.162,0.191,0.1509,0.0227,0.0175,0.0189,0.0509,0.023,0.0288,0.0201,0.0263,0.0211,0.0212,0.0231,0.0682,0.0435,0.0181,0.0177,0.027,0.0289,0.0243,0.0172,0.0233,0.023,0.022,0.022,0.0682,0.0682,0.0682,0.0682,0.0435,0.0435,0.0435,0.0435,0.7083,0.3813,0.3835,0.3835,0.1745,0.1745,0.0957,0.179,0.1291,0.2978,0.114,0,0,0.1511,0.0235,0,0,0,0,0
Pipeline_Transportation,0.3678,0.1113,0.1416,0.1927,0.1414,0.1947,0.3613,0.476,0.0901,0.0521,0.2244,0.1256,0.102,0.107,0.0475,0.2043,0.2009,0.2162,0.1104,0.0612,0.0603,0.1394,0.1196,0.118,0.1441,0.161,0.1716,0.1572,0.1527,0.162,0.191,0.1509,0.0227,0.0175,0.0189,0.0509,0.023,0.0288,0.0201,0.0263,0.0211,0.0212,0.0231,0.0682,0.0435,0.0181,0.0177,0.027,0.0289,0.0243,0.0172,0.0222,0.023,0.022,0.022,0.0682,0.0682,0.0682,0.0682,0.0435,0.0435,0.0435,0.0435,0.7083,0.3813,0.3835,0.3835,0.1745,0.1745,0.0957,0.179,0.1291,0.2978,0.114,0,0,0.1511,0.0235,0,0,0,0,0
Other_Transportation_and_Support_Activities,0.3678,0.1113,0.1416,0.1927,0.1414,0.1947,0.3613,0.476,0.0901,0.0521,0.2244,0.1256,0.102,0.107,0.0475,0.2043,0.2009,0.2162,0.1104,0.0612,0.0603,0.1394,0.1196,0.118,0.1441,0.161,0.1716,0.1572,0.1527,0.162,0.191,0.1509,0.0227,0.0175,0.0189,0.0509,0.023,0.0288,0.0201,0.0263,0.0211,0.0212,0.0231,0.0682,0.0435,0.0181,0.0177,0.027,0.0289,0.0243,0.0172,0.0222,0.023,0.022,0.022,0.0682,0.0682,0.0682,0.0682,0.0435,0.0435,0.0435,0.0435,0.7083,0.3813,0.3835,0.3835,0.1745,0.1745,0.0957,0.179,0.1291,0.2978,0.114,0,0,0.1511,0.0235,0,0,0,0,0
Warehousing_and_Storage,0.3678,0.1113,0.1416,0.1927,0.1414,0.1947,0.3613,0.476,0.0901,0.0521,0.2244,0.1256,0.102,0.107,0.0475,0.2043,0.2009,0.2162,0.1104,0.0612,0.0603,0.1394,0.1196,0.118,0.1441,0.161,0.1716,0.1572,0.1527,0.162,0.191,0.1509,0.0227,0.0175,0.0189,0.0509,0.023,0.0288,0.0201,0.0263,0.0211,0.0212,0.0231,0.0682,0.0435,0.0181,0.0177,0.027,0.0289,0.0243,0.0172,0.0222,0.023,0.022,0.022,0.0682,0.0682,0.0682,0.0682,0.0435,0.0435,0.0435,0.0435,0.7083,0.3813,0.3835,0.3835,0.1745,0.1745,0.0957,0.179,0.1291,0.2978,0.114,0,0,0.1511,0.0235,0,0,0,0,0
Publishing_Industries_(Except_Internet),0.3678,0.1113,0.1416,0.1927,0.1414,0.1947,0.3613,0.476,0.0901,0.0521,0.2244,0.1256,0.102,0.107,0.0475,0.2043,0.2009,0.2162,0.1104,0.0612,0.0603,0.1394,0.1196,0.118,0.1441,0.161,0.1716,0.1572,0.1527,0.162,0.191,0.1509,0.0227,0.0175,0.0189,0.0509,0.023,0.0288,0.0201,0.0263,0.0211,0.0212,0.0231,0.0682,0.0435,0.0181,0.0177,0.027,0.0289,0.0243,0.0172,0.0222,0.023,0.022,0.022,0.0682,0.0682,0.0682,0.0682,0.0435,0.0435,0.0435,0.0435,0.7083,0.3813,0.3835,0.3835,0.2307,0.2307,0.0957,0.179,0.1291,0.2978,0.114,0,0,0.1511,0.0235,0,0,0,0,0
Movie_Theaters,0.3678,0.1113,0.1416,0.1927,0.1414,0.1947,0.3613,0.476,0.0901,0.0521,0.2244,0.1256,0.102,0.107,0.0475,0.2043,0.2009,0.2162,0.1104,0.0612,0.0603,0.1394,0.1196,0.118,0.1441,0.161,0.1716,0.1572,0.1527,0.162,0.191,0.1509,0.0227,0.0175,0.0189,0.0509,0.023,0.0288,0.0201,0.0263,0.0211,0.0212,0.0231,0.0682,0.0435,0.0181,0.0177,0.027,0.0289,0.0243,0.0172,0.0222,0.023,0.022,0.022,0.0682,0.0682,0.0682,0.0682,0.0435,0.0435,0.0435,0.0435,0.7083,0.3813,0.3835,0.3835,0.1745,0.1745,0.0957,0.179,0.1291,0.2978,0.114,0,0,0.1511,0.0235,0,0,0,0,0
Other_Motion_Picture_and_Sound_Recording,0.3678,0.1113,0.1416,0.1927,0.1414,0.1947,0.3613,0.476,0.0901,0.0521,0.2244,0.1256,0.102,0.107,0.0475,0.2043,0.2009,0.2162,0.1104,0.0612,0.0603,0.1394,0.1196,0.118,0.1441,0.161,0.1716,0.1572,0.1527,0.162,0.191,0.1509,0.0227,0.0175,0.0189,0.0509,0.023,0.0288,0.0201,0.0263,0.0211,0.0212,0.0231,0.0682,0.0435,0.0181,0.0177,0.027,0.0289,0.0243,0.0172,0.0222,0.023,0.022,0.022,0.0682,0.0682,0.0682,0.0682,0.0435,0.0435,0.0435,0.0435,0.7083,0.3813,0.3835,0.3835,0.1745,0.1745,0.0957,0.179,0.1291,0.2978,0.114,0,0,0.1511,0.0235,0,0,0,0,0
Broadcasting_(Except_Internet)_and_Telecommunications,0.3678,0.1113,0.1416,0.1927,0.1414,0.1947,0.3613,0.476,0.0901,0.0521,0.2244,0.1256,0.102,0.107,0.0475,0.2043,0.2009,0.2162,0.1104,0.0612,0.0603,0.1394,0.1196,0.118,0.1441,0.161,0.1716,0.1572,0.1527,0.162,0.191,0.1509,0.0227,0.0175,0.0189,0.0509,0.023,0.0288,0.0201,0.0263,0.0211,0.0212,0.0231,0.0682,0.0435,0.0181,0.0177,0.027,0.0289,0.0243,0.0172,0.0222,0.023,0.022,0.022,0.0682,0.0682,0.0682,0.0682,0.0435,0.0435,0.0435,0.0435,0.7083,0.3813,0.3835,0.3835,0.1745,0.1745,0.0957,0.179,0.1291,0.2978,0.114,0,0,0.1511,0.0235,0,0,0,0,0
Telephone_Communication,0.3678,0.1113,0.1416,0.1927,0.1414,0.1947,0.3613,0.476,0.0901,0.0521,0.2244,0.1256,0.102,0.107,0.0475,0.2043,0.2009,0.2162,0.1104,0.0612,0.0603,0.1394,0.1196,0.118,0.1441,0.161,0.1716,0.1572,0.1527,0.162,0.191,0.1509,0.0227,0.0175,0.0189,0.0509,0.023,0.0288,0.0201,0.0263,0.0211,0.0212,0.0231,0.0682,0.0435,0.0181,0.0177,0.027,0.0289,0.0243,0.0172,0.0222,0.023,0.022,0.022,0.0682,0.0682,0.0682,0.0682,0.0435,0.0435,0.0435,0.0435,0.7083,0.3813,0.3835,0.3835,0.1745,0.1745,0.0957,0.179,0.1291,0.2978,0.114,0,0,0.1511,0.0235,0,0,0,0,0
Cable_Television,0.3678,0.1113,0.1416,0.1927,0.1414,0.1947,0.3613,0.476,0.0901,0.0521,0.2244,0.1256,0.102,0.107,0.0475,0.2043,0.2009,0.2162,0.1104,0.0612,0.0603,0.1394,0.1196,0.118,0.1441,0.161,0.1716,0.1572,0.1527,0.162,0.191,0.1509,0.0227,0.0175,0.0189,0.0509,0.023,0.0288,0.0201,0.0263,0.0211,0.0212,0.0231,0.0682,0.0435,0.0181,0.0177,0.027,0.0289,0.0243,0.0172,0.0222,0.023,0.022,0.022,0.0682,0.0682,0.0682,0.0682,0.0435,0.0435,0.0435,0.0435,0.7083,0.3813,0.3835,0.3835,0.1745,0.1745,0.0957,0.179,0.1291,0.2978,0.114,0,0,0.1511,0.0235,0,0,0,0,0
Other_Telecommunication,0.3678,0.1113,0.1416,0.1927,0.1414,0.1947,0.3613,0.476,0.0901,0.0521,0.2244,0.1256,0.102,0.107,0.0475,0.2043,0.2009,0.2162,0.1104,0.0612,0.0603,0.1394,0.1196,0.118,0.1441,0.161,0.1716,0.1572,0.1527,0.162,0.191,0.1509,0.0227,0.0175,0.0189,0.0509,0.023,0.0288,0.0201,0.0263,0.0211,0.0212,0.0231,0.0682,0.0435,0.0181,0.0177,0.027,0.0289,0.0243,0.0172,0.0222,0.023,0.022,0.022,0.0682,0.0682,0.0682,0.0682,0.0435,0.0435,0.0435,0.0435,0.7083,0.3813,0.3835,0.3835,0.1745,0.1745,0.0957,0.179,0.1291,0.2978,0.114,0,0,0.1511,0.0235,0,0,0,0,0
Information_and_Data_Processing,0.3678,0.1113,0.1416,0.1927,0.1414,0.1947,0.3613,0.476,0.0901,0.0521,0.2244,0.1256,0.102,0.107,0.0475,0.2043,0.2009,0.2162,0.1104,0.0612,0.0603,0.1394,0.1196,0.118,0.1441,0.161,0.1716,0.1572,0.1527,0.162,0.191,0.1509,0.0227,0.0175,0.0189,0.0509,0.023,0.0288,0.0201,0.0263,0.0211,0.0212,0.0231,0.0682,0.0435,0.0181,0.0177,0.027,0.0289,0.0243,0.0172,0.0222,0.023,0.022,0.022,0.0682,0.0682,0.0682,0.0682,0.0435,0.0435,0.0435,0.0435,0.7083,0.3813,0.3835,0.3835,0.1745,0.1745,0.0957,0.179,0.1291,0.2978,0.114,0,0,0.1511,0.0235,0,0,0,0,0
Credit_Intermediation_and_Related_Activities,0.3678,0.1113,0.1416,0.1927,0.1414,0.1947,0.3613,0.476,0.0901,0.0521,0.2244,0.1256,0.102,0.107,0.0475,0.2043,0.2009,0.2162,0.0944,0.0612,0.0603,0.1394,0.1196,0.118,0.1441,0.161,0.1716,0.1572,0.1527,0.162,0.191,0.1509,0.0227,0.0175,0.0189,0.0509,0.023,0.0288,0.0201,0.0263,0.0211,0.0212,0.0231,0.0682,0.0435,0.0181,0.0177,0.027,0.0289,0.0243,0.0172,0.0222,0.023,0.022,0.022,0.0682,0.0682,0.0682,0.0682,0.0435,0.0435,0.0435,0.0435,0.7083,0.3813,0.3835,0.3835,0.1745,0.1745,0.0957,0.179,0.1291,0.2978,0.114,0,0,0.1511,0.0235,0,0,0,0,0
"Securities,_Commodity_Contracts,_and_Other_Financial_Investments_and_Related_Activities",0.3678,0.1113,0.1416,0.1927,0.1414,0.1947,0.3613,0.476,0.0901,0.0521,0.2244,0.1256,0.102,0.107,0.0475,0.2043,0.2009,0.2162,0.1104,0.0612,0.0603,0.1394,0.1196,0.118,0.1441,0.161,0.1716,0.1572,0.1527,0.162,0.191,0.1509,0.0227,0.0175,0.0189,0.0509,0.023,0.0288,0.0201,0.0263,0.0211,0.0212,0.0231,0.0682,0.0435,0.0181,0.0177,0.027,0.0289,0.0243,0.0172,0.0222,0.023,0.022,0.022,0.0682,0.0682,0.0682,0.0682,0.0435,0.0435,0.0435,0.0435,0.7083,0.3813,0.3835,0.3835,0.1745,0.1745,0.0957,0.179,0.1291,0.2978,0.114,0,0,0.1511,0.0235,0,0,0,0,0
Insurance_Carriers_and_Related_Activities,0.3678,0.1113,0.1416,0.1927,0.1414,0.1947,0.3613,0.476,0.0901,0.0521,0.2244,0.1256,0.102,0.107,0.0475,0.2043,0.2009,0.2162,0.1078,0.0612,0.0603,0.1394,0.1196,0.118,0.1441,0.161,0.1716,0.1572,0.1527,0.162,0.191,0.1509,0.0227,0.0175,0.0189,0.0509,0.023,0.0288,0.0201,0.0263,0.0211,0.0212,0.0231,0.0682,0.0435,0.0181,0.0177,0.027,0.0289,0.0243,0.0172,0.0222,0.023,0.022,0.022,0.0682,0.0682,0.0682,0.0682,0.0435,0.0435,0.0435,0.0435,0.7083,0.3813,0.3835,0.3835,0.1745,0.1745,0.0957,0.179,0.1291,0.2978,0.114,0,0,0.1511,0.0235,0,0,0,0,0
"Funds,_Trusts,_and_Other_Financial_Vehicles_",0.3678,0.1113,0.1416,0.1927,0.1414,0.1947,0.3613,0.476,0.0901,0.0521,0.2244,0.1256,0.102,0.107,0.0475,0.2043,0.2009,0.2162,0.0678,0.0612,0.0603,0.1394,0.1196,0.118,0.1441,0.161,0.1716,0.1572,0.1527,0.162,0.191,0.1509,0.0227,0.0175,0.0189,0.0509,0.023,0.0288,0.0201,0.0263,0.0211,0.0212,0.0231,0.0682,0.0435,0.0181,0.0177,0.027,0.0289,0.0243,0.0172,0.0222,0.023,0.022,0.022,0.0682,0.0682,0.0682,0.0682,0.0435,0.0435,0.0435,0.0435,0.7083,0.3813,0.3835,0.3835,0.1745,0.1745,0.0957,0.179,0.1291,0.2978,0.114,0,0,0.1511,0.0235,0,0,0,0,0
Real_Estate,0.3678,0.1113,0.1416,0.1927,0.1414,0.1947,0.3613,0.476,0.0901,0.0521,0.2244,0.1256,0.102,0.107,0.0475,0.2043,0.2009,0.2162,0.1104,0.0612,0.0603,0.1394,0.1196,0.118,0.1441,0.161,0.1716,0.1572,0.1527,0.162,0.191,0.1509,0.0227,0.0175,0.0189,0.0509,0.023,0.0288,0.0201,0.0263,0.0211,0.0212,0.0231,0.0682,0.0435,0.0181,0.0177,0.027,0.0289,0.0243,0.0172,0.0222,0.023,0.022,0.022,0.0682,0.0682,0.0682,0.0682,0.0435,0.0435,0.0435,0.0435,0.7083,0.3813,0.3835,0.3835,0.1745,0.1745,0.0957,0.179,0.1291,0.2978,0.114,0,0,0.1511,0.0235,0,0,0,0,0
Rental_and_Leasing_(Including_Nonfinancial_Intangibles),0.3678,0.1608,0.1416,0.1927,0.1414,0.1947,0.3613,0.476,0.0901,0.0521,0.2244,0.1256,0.102,0.107,0.0475,0.2043,0.2009,0.2162,0.0658,0.0612,0.0603,0.1394,0.1196,0.118,0.1441,0.161,0.1716,0.1572,0.1527,0.162,0.191,0.1509,0.0227,0.0175,0.0189,0.0509,0.023,0.0288,0.0201,0.0263,0.0211,0.0212,0.0231,0.0682,0.0435,0.0181,0.0177,0.027,0.0289,0.0243,0.0172,0.0222,0.023,0.022,0.022,0.0682,0.0682,0.0682,0.0682,0.0435,0.0435,0.0435,0.0435,0.7083,0.3813,0.3835,0.3835,0.1745,0.1745,0.0957,0.179,0.1291,0.2978,0.114,0,0,0.1511,0.0235,0,0,0,0,0
Legal_Services,0.3678,0.1113,0.1416,0.1927,0.1414,0.1947,0.3613,0.476,0.0901,0.0521,0.2244,0.1256,0.102,0.107,0.0475,0.2043,0.2009,0.2162,0.1104,0.0612,0.0603,0.1394,0.1196,0.118,0.1441,0.161,0.1716,0.1572,0.1527,0.162,0.191,0.1509,0.0227,0.0175,0.0189,0.0509,0.023,0.0288,0.0201,0.0263,0.0211,0.0212,0.0231,0.0682,0.0435,0.0181,0.0177,0.027,0.0289,0.0243,0.0172,0.0222,0.023,0.022,0.022,0.0682,0.0682,0.0682,0.0682,0.0435,0.0435,0.0435,0.0435,0.7083,0.3813,0.3835,0.3835,0.1745,0.1745,0.0957,0.179,0.1291,0.2978,0.114,0,0,0.1511,0.0235,0,0,0,0,0
Computer_Systems_Design_and_Related_Services,0.3678,0.1528,0.1416,0.1927,0.1414,0.1947,0.3613,0.476,0.0901,0.0521,0.2244,0.1256,0.102,0.107,0.0475,0.2043,0.2009,0.2162,0.1104,0.0612,0.0603,0.1394,0.1196,0.118,0.1441,0.161,0.1716,0.1572,0.1527,0.162,0.191,0.1509,0.0227,0.0175,0.0189,0.0509,0.023,0.0288,0.0201,0.0263,0.0211,0.0212,0.0231,0.0682,0.0435,0.0181,0.0177,0.027,0.0289,0.0243,0.0172,0.0222,0.023,0.022,0.022,0.0682,0.0682,0.0682,0.0682,0.0435,0.0435,0.0435,0.0435,0.7083,0.3813,0.3835,0.3835,0.1745,0.1745,0.0957,0.179,0.1291,0.2978,0.114,0,0,0.1511,0.0235,0,0,0,0,0
"Other_Professional,_Scientific,_and_Technical_Services",0.3678,0.1113,0.1416,0.1927,0.1414,0.1947,0.3613,0.476,0.0901,0.0521,0.2244,0.1256,0.102,0.107,0.0475,0.2043,0.2009,0.2162,0.1104,0.0612,0.0603,0.1394,0.1196,0.118,0.1441,0.161,0.1716,0.1572,0.1527,0.162,0.191,0.1509,0.0227,0.0175,0.0189,0.0509,0.023,0.0288,0.0201,0.0263,0.0211,0.0212,0.0231,0.0682,0.0435,0.0181,0.0177,0.027,0.0289,0.0243,0.0172,0.0222,0.023,0.022,0.022,0.0682,0.0682,0.0682,0.0682,0.0435,0.0435,0.0435,0.0435,0.7083,0.3813,0.3835,0.3835,0.1745,0.1745,0.0957,0.179,0.1291,0.2978,0.114,0,0,0.1511,0.0235,0,0,0,0,0
Management_Of_Companies_and_Enterprises,0.3678,0.1113,0.1416,0.1927,0.1414,0.1947,0.3613,0.476,0.0901,0.0521,0.2244,0.1256,0.102,0.107,0.0475,0.2043,0.2009,0.2162,0.1033,0.0612,0.0603,0.1394,0.1196,0.118,0.1441,0.161,0.1716,0.1572,0.1527,0.162,0.191,0.1509,0.0227,0.0175,0.0189,0.0509,0.023,0.0288,0.0201,0.0263,0.0211,0.0212,0.0231,0.0682,0.0435,0.0181,0.0177,0.027,0.0289,0.0243,0.0172,0.0222,0.023,0.022,0.022,0.0682,0.0682,0.0682,0.0682,0.0435,0.0435,0.0435,0.0435,0.7083,0.3813,0.3835,0.3835,0.1745,0.1745,0.0957,0.179,0.1291,0.2978,0.114,0,0,0.1511,0.0235,0,0,0,0,0
Administrative_and_Support_Services,0.3678,0.1113,0.1416,0.1927,0.1414,0.1947,0.3613,0.476,0.0901,0.0521,0.2244,0.1256,0.102,0.107,0.0475,0.2043,0.2009,0.2162,0.1104,0.0612,0.0603,0.1394,0.1196,0.118,0.1441,0.161,0.1716,0.1572,0.1527,0.162,0.191,0.1509,0.0227,0.0175,0.0189,0.0509,0.023,0.0288,0.0201,0.0263,0.0211,0.0212,0.0231,0.0682,0.0435,0.0181,0.0177,0.027,0.0289,0.0243,0.0172,0.0222,0.023,0.022,0.022,0.0682,0.0682,0.0682,0.0682,0.0435,0.0435,0.0435,0.0435,0.7083,0.3813,0.3835,0.3835,0.1745,0.1745,0.0957,0.179,0.1291,0.2978,0.114,0,0,0.1511,0.0235,0,0,0,0,0
Waste_Management_and_Remediation_Services,0.3678,0.1113,0.1416,0.1927,0.1414,0.1947,0.3613,0.476,0.0901,0.0521,0.2244,0.1256,0.102,0.107,0.0475,0.2043,0.2009,0.2162,0.1104,0.0612,0.0603,0.1394,0.1196,0.118,0.1441,0.161,0.1716,0.1572,0.1527,0.162,0.191,0.1509,0.0227,0.0175,0.0189,0.0509,0.023,0.0288,0.0201,0.0263,0.0211,0.0212,0.0231,0.0682,0.0435,0.0181,0.0177,0.027,0.0289,0.0243,0.0172,0.0222,0.023,0.022,0.022,0.0682,0.0682,0.0682,0.0682,0.0435,0.0435,0.0435,0.0435,0.7083,0.3813,0.3835,0.3835,0.1745,0.1745,0.0957,0.179,0.1291,0.2978,0.114,0,0,0.1511,0.0235,0,0,0,0,0
Educational_Services,0.3678,0.1113,0.1416,0.1927,0.1414,0.1947,0.3613,0.476,0.0901,0.0521,0.2244,0.1256,0.102,0.107,0.0475,0.2043,0.2009,0.2162,0.1104,0.0612,0.0603,0.1394,0.1196,0.118,0.1441,0.161,0.1716,0.1572,0.1527,0.162,0.191,0.1509,0.0227,0.0175,0.0189,0.0509,0.023,0.0288,0.0201,0.0263,0.0211,0.0212,0.0231,0.0682,0.0435,0.0181,0.0177,0.027,0.0289,0.0243,0.0172,0.0222,0.023,0.022,0.022,0.0682,0.0682,0.0682,0.0682,0.0435,0.0435,0.0435,0.0435,0.7083,0.3813,0.3835,0.3835,0.1745,0.1745,0.0957,0.179,0.1291,0.2978,0.114,0,0,0.1511,0.0235,0,0,0,0,0
Ambulatory_Health_Care_Services,0.3678,0.1113,0.1416,0.1927,0.1414,0.1947,0.3613,0.476,0.0901,0.0521,0.2244,0.1256,0.102,0.107,0.0475,0.2043,0.2009,0.2162,0.1104,0.0612,0.0603,0.1394,0.1196,0.118,0.1441,0.161,0.1716,0.1572,0.1527,0.162,0.191,0.1509,0.0227,0.0175,0.0189,0.0509,0.023,0.0288,0.0201,0.0263,0.0211,0.0212,0.0231,0.0682,0.0435,0.0181,0.0177,0.027,0.0289,0.0243,0.0172,0.0222,0.023,0.022,0.022,0.0682,0.0682,0.0682,0.0682,0.0435,0.0435,0.0435,0.0435,0.7083,0.3813,0.3835,0.3835,0.1745,0.1745,0.0957,0.179,0.1291,0.2978,0.114,0,0,0.1511,0.0235,0,0,0,0,0
Hospitals,0.3678,0.1113,0.1416,0.1927,0.1414,0.1947,0.3613,0.476,0.0901,0.0521,0.2244,0.1256,0.102,0.107,0.0475,0.2043,0.2009,0.2162,0.1104,0.0612,0.0603,0.1394,0.1196,0.118,0.1441,0.161,0.1716,0.1572,0.1527,0.162,0.191,0.1509,0.0227,0.0175,0.0189,0.0509,0.023,0.0288,0.0201,0.0263,0.0211,0.0212,0.0231,0.0682,0.0435,0.0181,0.0177,0.027,0.0289,0.0243,0.0172,0.0222,0.023,0.022,0.022,0.0682,0.0682,0.0682,0.0682,0.0435,0.0435,0.0435,0.0435,0.7083,0.3813,0.3835,0.3835,0.1745,0.1745,0.0957,0.179,0.1291,0.2978,0.114,0,0,0.1511,0.0235,0,0,0,0,0
Nursing_and_Residential_Care_Facilities,0.3678,0.1113,0.1416,0.1927,0.1414,0.1947,0.3613,0.476,0.0901,0.0521,0.2244,0.1256,0.102,0.107,0.0475,0.2043,0.2009,0.2162,0.1104,0.0612,0.0603,0.1394,0.1196,0.118,0.1441,0.161,0.1716,0.1572,0.1527,0.162,0.191,0.1509,0.0227,0.0175,0.0189,0.0509,0.023,0.0288,0.0201,0.0263,0.0211,0.0212,0.0231,0.0682,0.0435,0.0181,0.0177,0.027,0.0289,0.0243,0.0172,0.0222,0.023,0.022,0.022,0.0682,0.0682,0.0682,0.0682,0.0435,0.0435,0.0435,0.0435,0.7083,0.3813,0.3835,0.3835,0.1745,0.1745,0.0957,0.179,0.1291,0.2978,0.114,0,0,0.1511,0.0235,0,0,0,0,0
Social_Assistance,0.3678,0.1113,0.1416,0.1927,0.1414,0.1947,0.3613,0.476,0.0901,0.0521,0.2244,0.1256,0.102,0.107,0.0475,0.2043,0.2009,0.2162,0.1104,0.0612,0.0603,0.1394,0.1196,0.118,0.1441,0.161,0.1716,0.1572,0.1527,0.162,0.191,0.1509,0.0227,0.0175,0.0189,0.0509,0.023,0.0288,0.0201,0.0263,0.0211,0.0212,0.0231,0.0682,0.0435,0.0181,0.0177,0.027,0.0289,0.0243,0.0172,0.0222,0.023,0.022,0.022,0.0682,0.0682,0.0682,0.0682,0.0435,0.0435,0.0435,0.0435,0.7083,0.3813,0.3835,0.3835,0.1745,0.1745,0.0957,0.179,0.1291,0.2978,0.114,0,0,0.1511,0.0235,0,0,0,0,0
"Independent_Artists,_Writers,_and_Performers",0.3678,0.1113,0.1416,0.1927,0.1414,0.1947,0.3613,0.476,0.0901,0.0521,0.2244,0.1256,0.102,0.107,0.0475,0.2043,0.2009,0.2162,0.1104,0.0612,0.0603,0.1394,0.1196,0.118,0.1441,0.161,0.1716,0.1572,0.1527,0.162,0.191,0.1509,0.0227,0.0175,0.0189,0.0509,0.023,0.0288,0.0201,0.0263,0.0211,0.0212,0.0231,0.0682,0.0435,0.0181,0.0177,0.027,0.0289,0.0243,0.0172,0.0222,0.023,0.022,0.022,0.0682,0.0682,0.0682,0.0682,0.0435,0.0435,0.0435,0.0435,0.7083,0.3813,0.3835,0.3835,0.1745,0.1745,0.0957,0.179,0.1291,0.2978,0.114,0,0,0.1511,0.0235,0,0,0,0,0
"Other_Performing_Arts,_Spectator_Sports,_Museums,_and_Related_Activities",0.3678,0.1113,0.1416,0.1927,0.1414,0.1947,0.3613,0.476,0.0901,0.0521,0.2244,0.1256,0.102,0.107,0.0475,0.2043,0.2009,0.2162,0.1104,0.0612,0.0603,0.1394,0.1196,0.118,0.1441,0.161,0.1716,0.1572,0.1527,0.162,0.191,0.1509,0.0227,0.0175,0.0189,0.0509,0.023,0.0288,0.0201,0.0263,0.0211,0.0212,0.0231,0.0682,0.0435,0.0181,0.0177,0.027,0.0289,0.0243,0.0172,0.0222,0.023,0.022,0.022,0.0682,0.0682,0.0682,0.0682,0.0435,0.0435,0.0435,0.0435,0.7083,0.3813,0.3835,0.3835,0.1745,0.1745,0.0957,0.179,0.1291,0.2978,0.114,0,0,0.1511,0.0235,0,0,0,0,0
Amusement_Parks,0.3678,0.1113,0.1416,0.1927,0.1414,0.1947,0.3613,0.476,0.0901,0.0521,0.2244,0.1256,0.102,0.107,0.0475,0.2043,0.2009,0.2162,0.1104,0.0612,0.0603,0.1394,0.1196,0.118,0.1441,0.161,0.1716,0.1572,0.1527,0.162,0.191,0.1509,0.0227,0.0175,0.0189,0.0509,0.023,0.0288,0.0201,0.0263,0.0211,0.0212,0.0231,0.0682,0.0435,0.0181,0.0177,0.027,0.0289,0.0243,0.0172,0.0222,0.023,0.022,0.022,0.0682,0.0682,0.0682,0.0682,0.0435,0.0435,0.0435,0.0435,0.7083,0.3813,0.3835,0.3835,0.1745,0.1745,0.0957,0.179,0.1291,0.2978,0.114,0,0,0.1511,0.0235,0,0,0,0,0
Gambling_and_Bowling,0.3678,0.1113,0.1416,0.1927,0.1414,0.1947,0.3613,0.476,0.0901,0.0521,0.2244,0.1256,0.102,0.107,0.0475,0.2043,0.2009,0.2162,0.1104,0.0612,0.0603,0.1394,0.1196,0.118,0.1441,0.161,0.1716,0.1572,0.1527,0.162,0.191,0.1509,0.0227,0.0175,0.0189,0.0509,0.023,0.0288,0.0201,0.0263,0.0211,0.0212,0.0231,0.0682,0.0435,0.0181,0.0177,0.027,0.0289,0.0243,0.0172,0.0222,0.023,0.022,0.022,0.0682,0.0682,0.0682,0.0682,0.0435,0.0435,0.0435,0.0435,0.7083,0.3813,0.3835,0.3835,0.1745,0.1745,0.0957,0.179,0.1291,0.2978,0.114,0,0,0.1511,0.0235,0,0,0,0,0
Other_Recreation_Services,0.3678,0.1113,0.1416,0.1927,0.1414,0.1947,0.3613,0.476,0.0901,0.0521,0.2244,0.1256,0.102,0.107,0.0475,0.2043,0.2009,0.2162,0.1104,0.0612,0.0603,0.1394,0.1196,0.118,0.1441,0.161,0.1716,0.1572,0.1527,0.162,0.191,0.1509,0.0227,0.0175,0.0189,0.0509,0.023,0.0288,0.0201,0.0263,0.0211,0.0212,0.0231,0.0682,0.0435,0.0181,0.0177,0.027,0.0289,0.0243,0.0172,0.0222,0.023,0.022,0.022,0.0682,0.0682,0.0682,0.0682,0.0435,0.0435,0.0435,0.0435,0.7083,0.3813,0.3835,0.3835,0.1745,0.1745,0.0957,0.179,0.1291,0.2978,0.114,0,0,0.1511,0.0235,0,0,0,0,0
Accomodation,0.3678,0.1113,0.1416,0.1927,0.1414,0.1947,0.3613,0.476,0.0901,0.0521,0.2244,0.1256,0.102,0.107,0.0475,0.2043,0.2009,0.2162,0.1104,0.0612,0.0603,0.1394,0.1196,0.118,0.1441,0.161,0.1716,0.1572,0.1527,0.162,0.191,0.1509,0.0227,0.0175,0.0189,0.0509,0.023,0.0288,0.0201,0.0263,0.0211,0.0212,0.0231,0.0682,0.0435,0.0181,0.0177,0.027,0.0289,0.0243,0.0172,0.0222,0.023,0.022,0.022,0.0682,0.0682,0.0682,0.0682,0.0435,0.0435,0.0435,0.0435,0.7083,0.3813,0.3835,0.3835,0.1745,0.1745,0.0957,0.179,0.1291,0.2978,0.114,0,0,0.1511,0.0235,0,0,0,0,0
Food_Services_and_Drinking_Places,0.3678,0.1113,0.1416,0.1927,0.1414,0.1947,0.3613,0.476,0.0901,0.0521,0.2244,0.1256,0.102,0.107,0.0475,0.2043,0.2009,0.2162,0.1104,0.0612,0.0603,0.1394,0.1196,0.118,0.1441,0.161,0.1716,0.1572,0.1527,0.162,0.191,0.1509,0.0227,0.0175,0.0189,0.0509,0.023,0.0288,0.0201,0.0263,0.0211,0.0212,0.0231,0.0682,0.0435,0.0181,0.0177,0.027,0.0289,0.0243,0.0172,0.0222,0.023,0.022,0.022,0.0682,0.0682,0.0682,0.0682,0.0435,0.0435,0.0435,0.0435,0.7083,0.3813,0.3835,0.3835,0.1745,0.1745,0.0957,0.179,0.1291,0.2978,0.114,0,0,0.1511,0.0235,0,0,0,0,0
Other_Services_(Except_Public_Administration),0.3678,0.1113,0.1416,0.1927,0.1414,0.1947,0.3613,0.476,0.0901,0.0521,0.2244,0.1256,0.102,0.107,0.0475,0.2043,0.2009,0.2162,0.1104,0.0612,0.0603,0.1394,0.1196,0.118,0.1441,0.161,0.1716,0.1572,0.1527,0.162,0.191,0.1509,0.0227,0.0175,0.0189,0.0509,0.023,0.0288,0.0201,0.0263,0.0211,0.0212,0.0231,0.0682,0.0435,0.0181,0.0177,0.027,0.0289,0.0243,0.0172,0.0222,0.023,0.022,0.022,0.0682,0.0682,0.0682,0.0682,0.0435,0.0435,0.0435,0.0435,0.7083,0.3813,0.3835,0.3835,0.1745,0.1745,0.0957,0.179,0.1291,0.2978,0.114,0,0,0.1511,0.0235,0,0,0,0,0
Owner-occupied_Housing,0.3678,0.1113,0.1416,0.1927,0.1414,0.1947,0.3613,0.476,0.0901,0.0521,0.2244,0.1256,0.102,0.107,0.0475,0.2043,0.2009,0.2162,0.1104,0.0612,0.0603,0.1394,0.1196,0.118,0.1441,0.161,0.1716,0.1572,0.1527,0.162,0.191,0.1509,0.0227,0.0175,0.0189,0.0509,0.023,0.0288,0.0201,0.0263,0.0211,0.0212,0.0231,0.0682,0.0435,0.0181,0.0177,0.027,0.0289,0.0243,0.0172,0.0222,0.023,0.022,0.022,0.0682,0.0682,0.0682,0.0682,0.0435,0.0435,0.0435,0.0435,0.7083,0.3813,0.3835,0.3835,0.1745,0.1745,0.0957,0.179,0.1291,0.2978,0.114,0,0,0.1511,0.0218,0,0,0,0,0
