Acceleration factor,Default value for industry,Computers and peripheral equipment,Communication equipment,Nonelectronic medical instruments,Electronic medical instruments,Nonmedical instruments,Photocopy and related equipment,Office and accounting equipment,Nuclear fuel,Other fabricated metal products,Steam engines,Internal combustion engines,Metalworking machinery,"Special industrial machinery, n.e.c.",General industrial equipment,"Electric transmission, distribution and industrial apparatus",Light trucks (including utility vehicles),"Other trucks, buses, and truck trailers",Autos,Aircraft,Ships and boats,Railroad equipment,Household furniture,Other furniture and fixtures,Other agricultural machinery,Farm tractors,Other construction machinery,Construction tractors,Mining and oilfield machinery,Service industry machinery,Household appliances,"Other electrical equipment, n.e.c",Other nonresidential equipment,Office and medical buildings,Hospitals and special care facilities,Warehouses,Mobile structures,Other commercial buildings,Manufacturing buildings,Regulated electric power structures,Unregulated electric power structures,Regulated wind and solar power structures,Unregulated wind and solar power structures,Gas power structures,Petroleum pipelines,Communication structures,Depreciable petroleum and natural gas structures,Depreciable mining structures,Religious buildings,Educational and vocational buildings,Lodging buildings,Amusement and recreation buildings,Track replacement,Other railroad structures,Other transportation structures,Farm buildings,Water supply and sewer and waste disposal facilities,"Public safety, highways, conservation, and development",Oil and gas exploration (geological and geophysical)--integrated,Oil and gas exploration (geological and geophysical)--independent,Oil and gas development (intangible drilling costs)--integrated,Oil and gas development (intangible drilling costs)--independent,Other mineral exploration--C corps,Other mineral exploration--pass-throughs,Other mineral development--C corps,Other mineral development--pass-throughs,Prepackaged software,Custom software,Credit-eligible own account software,Other own-account software,Credit-eligible research and development,Other research and development,Theatrical movies,Long-lived television programs,Books,Music,Other entertainment originals,Reserved for non-BEA intangibles,Reserved for non-BEA intangibles,Residential equipment,Residential buildings,Inventories,Land,Reserved for non-BEA natural resources,Reserved for non-BEA natural resources,Reserved for non-BEA natural resources
Default value for type of asset,,2.00,2.00,,,,2.00,2.00,2.00,,1.50,,,,,1.50,2.00,2.00,2.00,2.00,2.00,2.00,,2.00,,,,,,,,,,1.00,1.00,1.00,2.00,1.00,1.00,1.50,1.50,2.00,2.00,1.50,1.50,1.50,2.00,2.00,1.00,1.00,1.00,1.00,2.00,1.50,1.00,1.50,1.00,1.50,1.00,1.00,1.00,1.00,1.00,1.00,1.00,1.00,1.00,1.00,1.00,1.00,1.00,1.00,0.95,1.79,1.28,2.87,1.11,,,2.00,1.00,0.00,1.00,,,
Farms,2.00,2.00,2.00,2.00,2.00,2.00,2.00,2.00,2.00,2.00,1.50,2.00,2.00,2.00,2.00,1.50,2.00,2.00,2.00,2.00,2.00,2.00,2.00,2.00,2.00,2.00,2.00,2.00,2.00,2.00,2.00,2.00,2.00,1.00,1.00,1.00,2.00,1.00,1.00,1.50,1.50,2.00,2.00,1.50,1.50,1.50,2.00,2.00,1.00,1.00,1.00,1.00,2.00,1.50,1.00,1.50,1.00,1.50,1.00,1.00,1.00,1.00,1.00,1.00,1.00,1.00,1.00,1.00,1.00,1.00,1.00,1.00,0.95,1.79,1.28,2.87,1.11,0.00,0.00,2.00,1.00,0.00,1.00,0.00,0.00,0.00
"Forestry,_Fishing,_and_Related_Activites",2.00,2.00,2.00,2.00,2.00,2.00,2.00,2.00,2.00,2.00,1.50,2.00,2.00,2.00,2.00,1.50,2.00,2.00,2.00,2.00,2.00,2.00,2.00,2.00,2.00,2.00,2.00,2.00,2.00,2.00,2.00,2.00,2.00,1.00,1.00,1.00,2.00,1.00,1.00,1.50,1.50,2.00,2.00,1.50,1.50,1.50,2.00,2.00,1.00,1.00,1.00,1.00,2.00,1.50,1.00,1.50,1.00,1.50,1.00,1.00,1.00,1.00,1.00,1.00,1.00,1.00,1.00,1.00,1.00,1.00,1.00,1.00,0.95,1.79,1.28,2.87,1.11,0.00,0.00,2.00,1.00,0.00,1.00,0.00,0.00,0.00
Oil_and_Gas_Extraction,2.00,2.00,2.00,2.00,2.00,2.00,2.00,2.00,2.00,2.00,1.50,2.00,2.00,2.00,2.00,1.50,2.00,2.00,2.00,2.00,2.00,2.00,2.00,2.00,2.00,2.00,2.00,2.00,2.00,2.00,2.00,2.00,2.00,1.00,1.00,1.00,2.00,1.00,1.00,1.50,1.50,2.00,2.00,1.50,2.00,1.50,2.00,2.00,1.00,1.00,1.00,1.00,2.00,1.50,1.00,1.50,1.00,1.50,1.00,1.00,1.00,1.00,1.00,1.00,1.00,1.00,1.00,1.00,1.00,1.00,1.00,1.00,0.95,1.79,1.28,2.87,1.11,0.00,0.00,2.00,1.00,0.00,1.00,0.00,0.00,0.00
Mining_(Except_Oil_and_Gas),2.00,2.00,2.00,2.00,2.00,2.00,2.00,2.00,2.00,2.00,1.50,2.00,2.00,2.00,2.00,1.50,2.00,2.00,2.00,2.00,2.00,2.00,2.00,2.00,2.00,2.00,2.00,2.00,2.00,2.00,2.00,2.00,2.00,1.00,1.00,1.00,2.00,1.00,1.00,1.50,1.50,2.00,2.00,1.50,1.50,1.50,2.00,2.00,1.00,1.00,1.00,1.00,2.00,1.50,1.00,1.50,1.00,1.50,1.00,1.00,1.00,1.00,1.00,1.00,1.00,1.00,1.00,1.00,1.00,1.00,1.00,1.00,0.95,1.79,1.28,2.87,1.11,0.00,0.00,2.00,1.00,0.00,1.00,0.00,0.00,0.00
Support_Activities_For_Mining,2.00,2.00,2.00,2.00,2.00,2.00,2.00,2.00,2.00,2.00,1.50,2.00,2.00,2.00,2.00,1.50,2.00,2.00,2.00,2.00,2.00,2.00,2.00,2.00,2.00,2.00,2.00,2.00,2.00,2.00,2.00,2.00,2.00,1.00,1.00,1.00,2.00,1.00,1.00,2.00,2.00,2.00,2.00,2.00,2.00,1.50,2.00,2.00,1.00,1.00,1.00,1.00,2.00,1.50,1.00,1.50,1.00,1.50,1.00,1.00,1.00,1.00,1.00,1.00,1.00,1.00,1.00,1.00,1.00,1.00,1.00,1.00,0.95,1.79,1.28,2.87,1.11,0.00,0.00,2.00,1.00,0.00,1.00,0.00,0.00,0.00
Hydroelectric_Power_Generation,1.50,2.00,2.00,1.50,1.50,1.50,2.00,2.00,2.00,1.50,1.50,1.50,1.50,1.50,1.50,1.50,2.00,2.00,2.00,2.00,2.00,2.00,1.50,2.00,1.50,1.50,1.50,1.50,1.50,1.50,1.50,1.50,1.50,1.00,1.00,1.00,2.00,1.00,1.00,1.50,1.50,2.00,2.00,1.50,1.50,1.50,2.00,2.00,1.00,1.00,1.00,1.00,2.00,1.50,1.00,1.50,1.00,1.50,1.00,1.00,1.00,1.00,1.00,1.00,1.00,1.00,1.00,1.00,1.00,1.00,1.00,1.00,0.95,1.79,1.28,2.87,1.11,0.00,0.00,2.00,1.00,0.00,1.00,0.00,0.00,0.00
Nuclear_Electric_Power_Generation,1.50,2.00,2.00,1.50,1.50,1.50,2.00,2.00,2.00,1.50,1.50,1.50,1.50,1.50,1.50,1.50,2.00,2.00,2.00,2.00,2.00,2.00,1.50,2.00,1.50,1.50,1.50,1.50,1.50,1.50,1.50,1.50,1.50,1.00,1.00,1.00,2.00,1.00,1.00,1.50,1.50,2.00,2.00,1.50,1.50,1.50,2.00,2.00,1.00,1.00,1.00,1.00,2.00,1.50,1.00,1.50,1.00,1.50,1.00,1.00,1.00,1.00,1.00,1.00,1.00,1.00,1.00,1.00,1.00,1.00,1.00,1.00,0.95,1.79,1.28,2.87,1.11,0.00,0.00,2.00,1.00,0.00,1.00,0.00,0.00,0.00
"Fossil_Fuel_Electric_Power_Generation,_Steam_and_Combined_Cycle",1.50,2.00,2.00,1.50,1.50,1.50,2.00,2.00,2.00,1.50,1.50,1.50,1.50,1.50,1.50,1.50,2.00,2.00,2.00,2.00,2.00,2.00,1.50,2.00,1.50,1.50,1.50,1.50,1.50,1.50,1.50,1.50,1.50,1.00,1.00,1.00,2.00,1.00,1.00,1.50,1.50,2.00,2.00,1.50,1.50,1.50,2.00,2.00,1.00,1.00,1.00,1.00,2.00,1.50,1.00,1.50,1.00,1.50,1.00,1.00,1.00,1.00,1.00,1.00,1.00,1.00,1.00,1.00,1.00,1.00,1.00,1.00,0.95,1.79,1.28,2.87,1.11,0.00,0.00,2.00,1.00,0.00,1.00,0.00,0.00,0.00
"Fossil_Fuel_Electric_Power_Generation,_Combustion",1.50,2.00,2.00,1.50,1.50,1.50,2.00,2.00,2.00,1.50,1.50,1.50,1.50,1.50,1.50,1.50,2.00,2.00,2.00,2.00,2.00,2.00,1.50,2.00,1.50,1.50,1.50,1.50,1.50,1.50,1.50,1.50,1.50,1.00,1.00,1.00,2.00,1.00,1.00,1.50,1.50,2.00,2.00,1.50,1.50,1.50,2.00,2.00,1.00,1.00,1.00,1.00,2.00,1.50,1.00,1.50,1.00,1.50,1.00,1.00,1.00,1.00,1.00,1.00,1.00,1.00,1.00,1.00,1.00,1.00,1.00,1.00,0.95,1.79,1.28,2.87,1.11,0.00,0.00,2.00,1.00,0.00,1.00,0.00,0.00,0.00
Other_Electric_Power_Generation,2.00,2.00,2.00,2.00,2.00,2.00,2.00,2.00,2.00,2.00,1.50,2.00,2.00,2.00,2.00,1.50,2.00,2.00,2.00,2.00,2.00,2.00,2.00,2.00,2.00,2.00,2.00,2.00,2.00,2.00,2.00,2.00,2.00,1.00,1.00,1.00,2.00,1.00,1.00,1.50,1.50,2.00,2.00,1.50,1.50,1.50,2.00,2.00,1.00,1.00,1.00,1.00,2.00,1.50,1.00,1.50,1.00,1.50,1.00,1.00,1.00,1.00,1.00,1.00,1.00,1.00,1.00,1.00,1.00,1.00,1.00,1.00,0.95,1.79,1.28,2.87,1.11,0.00,0.00,2.00,1.00,0.00,1.00,0.00,0.00,0.00
Electric_Power_Transmission_and_Distribution,1.50,2.00,2.00,1.50,1.50,1.50,2.00,2.00,2.00,1.50,1.50,1.50,1.50,1.50,1.50,1.50,2.00,2.00,2.00,2.00,2.00,2.00,1.50,2.00,1.50,1.50,1.50,1.50,1.50,1.50,1.50,1.50,1.50,1.00,1.00,1.00,2.00,1.00,1.00,1.50,1.50,2.00,2.00,1.50,1.50,1.50,2.00,2.00,1.00,1.00,1.00,1.00,2.00,1.50,1.00,1.50,1.00,1.50,1.00,1.00,1.00,1.00,1.00,1.00,1.00,1.00,1.00,1.00,1.00,1.00,1.00,1.00,0.95,1.79,1.28,2.87,1.11,0.00,0.00,2.00,1.00,0.00,1.00,0.00,0.00,0.00
Natural_Gas_Distribution_and_Transmission,1.50,2.00,2.00,1.50,1.50,1.50,2.00,2.00,2.00,1.50,1.50,1.50,1.50,1.50,1.50,1.50,2.00,2.00,2.00,2.00,2.00,2.00,1.50,2.00,1.50,1.50,1.50,1.50,1.50,1.50,1.50,1.50,1.50,1.00,1.00,1.00,2.00,1.00,1.00,1.50,1.50,2.00,2.00,1.50,1.50,1.50,2.00,2.00,1.00,1.00,1.00,1.00,2.00,1.50,1.00,1.50,1.00,1.50,1.00,1.00,1.00,1.00,1.00,1.00,1.00,1.00,1.00,1.00,1.00,1.00,1.00,1.00,0.95,1.79,1.28,2.87,1.11,0.00,0.00,2.00,1.00,0.00,1.00,0.00,0.00,0.00
Water_and_Sewer_Systems,1.00,2.00,2.00,1.00,1.00,1.00,2.00,2.00,2.00,1.00,1.50,1.00,1.00,1.00,1.00,1.50,2.00,2.00,2.00,2.00,2.00,2.00,1.00,2.00,1.00,1.00,1.00,1.00,1.00,1.00,1.00,1.00,1.00,1.00,1.00,1.00,2.00,1.00,1.00,1.50,1.50,2.00,2.00,1.50,1.50,1.50,2.00,2.00,1.00,1.00,1.00,1.00,2.00,1.50,1.00,1.50,1.00,1.00,1.00,1.00,1.00,1.00,1.00,1.00,1.00,1.00,1.00,1.00,1.00,1.00,1.00,1.00,0.95,1.79,1.28,2.87,1.11,0.00,0.00,2.00,1.00,0.00,1.00,0.00,0.00,0.00
Construction,2.00,2.00,2.00,2.00,2.00,2.00,2.00,2.00,2.00,2.00,1.50,2.00,2.00,2.00,2.00,1.50,2.00,2.00,2.00,2.00,2.00,2.00,2.00,2.00,2.00,2.00,2.00,2.00,2.00,2.00,2.00,2.00,2.00,1.00,1.00,1.00,2.00,1.00,1.00,1.50,1.50,2.00,2.00,1.50,1.50,1.50,2.00,2.00,1.00,1.00,1.00,1.00,2.00,1.50,1.00,1.50,1.00,1.50,1.00,1.00,1.00,1.00,1.00,1.00,1.00,1.00,1.00,1.00,1.00,1.00,1.00,1.00,0.95,1.79,1.28,2.87,1.11,0.00,0.00,2.00,1.00,0.00,1.00,0.00,0.00,0.00
"Grain,_Sugar,_and_Vegetable_Oil_Products_Manufacturing",2.00,2.00,2.00,2.00,2.00,2.00,2.00,2.00,2.00,2.00,1.50,2.00,2.00,2.00,2.00,1.50,2.00,2.00,2.00,2.00,2.00,2.00,2.00,2.00,2.00,2.00,2.00,2.00,2.00,2.00,2.00,2.00,2.00,1.00,1.00,1.00,2.00,1.00,1.00,1.50,1.50,2.00,2.00,1.50,1.50,1.50,2.00,2.00,1.00,1.00,1.00,1.00,2.00,1.50,1.00,1.50,1.00,1.50,1.00,1.00,1.00,1.00,1.00,1.00,1.00,1.00,1.00,1.00,1.00,1.00,1.00,1.00,0.95,1.79,1.28,2.87,1.11,0.00,0.00,2.00,1.00,0.00,1.00,0.00,0.00,0.00
Other_Food_Products_Manufacturing,2.00,2.00,2.00,2.00,2.00,2.00,2.00,2.00,2.00,2.00,1.50,2.00,2.00,2.00,2.00,1.50,2.00,2.00,2.00,2.00,2.00,2.00,2.00,2.00,2.00,2.00,2.00,2.00,2.00,2.00,2.00,2.00,2.00,1.00,1.00,1.00,2.00,1.00,1.00,1.50,1.50,2.00,2.00,1.50,1.50,1.50,2.00,2.00,1.00,1.00,1.00,1.00,2.00,1.50,1.00,1.50,1.00,1.50,1.00,1.00,1.00,1.00,1.00,1.00,1.00,1.00,1.00,1.00,1.00,1.00,1.00,1.00,0.95,1.79,1.28,2.87,1.11,0.00,0.00,2.00,1.00,0.00,1.00,0.00,0.00,0.00
Beverage_and_Tobacco_Products_Manufacturing,2.00,2.00,2.00,2.00,2.00,2.00,2.00,2.00,2.00,2.00,1.50,2.00,2.00,2.00,2.00,1.50,2.00,2.00,2.00,2.00,2.00,2.00,2.00,2.00,2.00,2.00,2.00,2.00,2.00,2.00,2.00,2.00,2.00,1.00,1.00,1.00,2.00,1.00,1.00,1.50,1.50,2.00,2.00,1.50,1.50,1.50,2.00,2.00,1.00,1.00,1.00,1.00,2.00,1.50,1.00,1.50,1.00,1.50,1.00,1.00,1.00,1.00,1.00,1.00,1.00,1.00,1.00,1.00,1.00,1.00,1.00,1.00,0.95,1.79,1.28,2.87,1.11,0.00,0.00,2.00,1.00,0.00,1.00,0.00,0.00,0.00
"Knitted_Goods,_Carpets,_and_Textile_Finishing_Manufacturing",2.00,2.00,2.00,2.00,2.00,2.00,2.00,2.00,2.00,2.00,1.50,2.00,2.00,2.00,2.00,1.50,2.00,2.00,2.00,2.00,2.00,2.00,2.00,2.00,2.00,2.00,2.00,2.00,2.00,2.00,2.00,2.00,2.00,1.00,1.00,1.00,2.00,1.00,1.00,1.50,1.50,2.00,2.00,1.50,1.50,1.50,2.00,2.00,1.00,1.00,1.00,1.00,2.00,1.50,1.00,1.50,1.00,1.50,1.00,1.00,1.00,1.00,1.00,1.00,1.00,1.00,1.00,1.00,1.00,1.00,1.00,1.00,0.95,1.79,1.28,2.87,1.11,0.00,0.00,2.00,1.00,0.00,1.00,0.00,0.00,0.00
Other_Textile_and_Textile_Product_Mills,2.00,2.00,2.00,2.00,2.00,2.00,2.00,2.00,2.00,2.00,1.50,2.00,2.00,2.00,2.00,1.50,2.00,2.00,2.00,2.00,2.00,2.00,2.00,2.00,2.00,2.00,2.00,2.00,2.00,2.00,2.00,2.00,2.00,1.00,1.00,1.00,2.00,1.00,1.00,1.50,1.50,2.00,2.00,1.50,1.50,1.50,2.00,2.00,1.00,1.00,1.00,1.00,2.00,1.50,1.00,1.50,1.00,1.50,1.00,1.00,1.00,1.00,1.00,1.00,1.00,1.00,1.00,1.00,1.00,1.00,1.00,1.00,0.95,1.79,1.28,2.87,1.11,0.00,0.00,2.00,1.00,0.00,1.00,0.00,0.00,0.00
Apparel_Manufacturing,2.00,2.00,2.00,2.00,2.00,2.00,2.00,2.00,2.00,2.00,1.50,2.00,2.00,2.00,2.00,1.50,2.00,2.00,2.00,2.00,2.00,2.00,2.00,2.00,2.00,2.00,2.00,2.00,2.00,2.00,2.00,2.00,2.00,1.00,1.00,1.00,2.00,1.00,1.00,1.50,1.50,2.00,2.00,1.50,1.50,1.50,2.00,2.00,1.00,1.00,1.00,1.00,2.00,1.50,1.00,1.50,1.00,1.50,1.00,1.00,1.00,1.00,1.00,1.00,1.00,1.00,1.00,1.00,1.00,1.00,1.00,1.00,0.95,1.79,1.28,2.87,1.11,0.00,0.00,2.00,1.00,0.00,1.00,0.00,0.00,0.00
Leather_and_Allied_Products_Manufacturing,2.00,2.00,2.00,2.00,2.00,2.00,2.00,2.00,2.00,2.00,1.50,2.00,2.00,2.00,2.00,1.50,2.00,2.00,2.00,2.00,2.00,2.00,2.00,2.00,2.00,2.00,2.00,2.00,2.00,2.00,2.00,2.00,2.00,1.00,1.00,1.00,2.00,1.00,1.00,1.50,1.50,2.00,2.00,1.50,1.50,1.50,2.00,2.00,1.00,1.00,1.00,1.00,2.00,1.50,1.00,1.50,1.00,1.50,1.00,1.00,1.00,1.00,1.00,1.00,1.00,1.00,1.00,1.00,1.00,1.00,1.00,1.00,0.95,1.79,1.28,2.87,1.11,0.00,0.00,2.00,1.00,0.00,1.00,0.00,0.00,0.00
Wood_Product_Manufacturing,2.00,2.00,2.00,2.00,2.00,2.00,2.00,2.00,2.00,2.00,1.50,2.00,2.00,2.00,2.00,1.50,2.00,2.00,2.00,2.00,2.00,2.00,2.00,2.00,2.00,2.00,2.00,2.00,2.00,2.00,2.00,2.00,2.00,1.00,1.00,1.00,2.00,1.00,1.00,1.50,1.50,2.00,2.00,1.50,1.50,1.50,2.00,2.00,1.00,1.00,1.00,1.00,2.00,1.50,1.00,1.50,1.00,1.50,1.00,1.00,1.00,1.00,1.00,1.00,1.00,1.00,1.00,1.00,1.00,1.00,1.00,1.00,0.95,1.79,1.28,2.87,1.11,0.00,0.00,2.00,1.00,0.00,1.00,0.00,0.00,0.00
Paper_Manufacturing,2.00,2.00,2.00,2.00,2.00,2.00,2.00,2.00,2.00,2.00,1.50,2.00,2.00,2.00,2.00,1.50,2.00,2.00,2.00,2.00,2.00,2.00,2.00,2.00,2.00,2.00,2.00,2.00,2.00,2.00,2.00,2.00,2.00,1.00,1.00,1.00,2.00,1.00,1.00,1.50,1.50,2.00,2.00,1.50,1.50,1.50,2.00,2.00,1.00,1.00,1.00,1.00,2.00,1.50,1.00,1.50,1.00,2.00,1.00,1.00,1.00,1.00,1.00,1.00,1.00,1.00,1.00,1.00,1.00,1.00,1.00,1.00,0.95,1.79,1.28,2.87,1.11,0.00,0.00,2.00,1.00,0.00,1.00,0.00,0.00,0.00
Printing_and_Related_Support_Activities,2.00,2.00,2.00,2.00,2.00,2.00,2.00,2.00,2.00,2.00,1.50,2.00,2.00,2.00,2.00,1.50,2.00,2.00,2.00,2.00,2.00,2.00,2.00,2.00,2.00,2.00,2.00,2.00,2.00,2.00,2.00,2.00,2.00,1.00,1.00,1.00,2.00,1.00,1.00,1.50,1.50,2.00,2.00,1.50,1.50,1.50,2.00,2.00,1.00,1.00,1.00,1.00,2.00,1.50,1.00,1.50,1.00,1.50,1.00,1.00,1.00,1.00,1.00,1.00,1.00,1.00,1.00,1.00,1.00,1.00,1.00,1.00,0.95,1.79,1.28,2.87,1.11,0.00,0.00,2.00,1.00,0.00,1.00,0.00,0.00,0.00
Petroleum_Refining,2.00,2.00,2.00,2.00,2.00,2.00,2.00,2.00,2.00,2.00,1.50,2.00,2.00,2.00,2.00,1.50,2.00,2.00,2.00,2.00,2.00,2.00,2.00,2.00,2.00,2.00,2.00,2.00,2.00,2.00,2.00,2.00,2.00,1.00,1.00,1.00,2.00,1.00,1.00,1.50,1.50,2.00,2.00,1.50,1.50,1.50,2.00,2.00,1.00,1.00,1.00,1.00,2.00,1.50,1.00,1.50,1.00,1.50,1.00,1.00,1.00,1.00,1.00,1.00,1.00,1.00,1.00,1.00,1.00,1.00,1.00,1.00,0.95,1.79,1.28,2.87,1.11,0.00,0.00,2.00,1.00,0.00,1.00,0.00,0.00,0.00
Other_Petroleum_and_Coal_Products_Manufacturing,2.00,2.00,2.00,2.00,2.00,2.00,2.00,2.00,2.00,2.00,1.50,2.00,2.00,2.00,2.00,1.50,2.00,2.00,2.00,2.00,2.00,2.00,2.00,2.00,2.00,2.00,2.00,2.00,2.00,2.00,2.00,2.00,2.00,1.00,1.00,1.00,2.00,1.00,1.00,1.50,1.50,2.00,2.00,1.50,1.50,1.50,2.00,2.00,1.00,1.00,1.00,1.00,2.00,1.50,1.00,1.50,1.00,1.50,1.00,1.00,1.00,1.00,1.00,1.00,1.00,1.00,1.00,1.00,1.00,1.00,1.00,1.00,0.95,1.79,1.28,2.87,1.11,0.00,0.00,2.00,1.00,0.00,1.00,0.00,0.00,0.00
Chemical_Manufacturing,2.00,2.00,2.00,2.00,2.00,2.00,2.00,2.00,2.00,2.00,1.50,2.00,2.00,2.00,2.00,1.50,2.00,2.00,2.00,2.00,2.00,2.00,2.00,2.00,2.00,2.00,2.00,2.00,2.00,2.00,2.00,2.00,2.00,1.00,1.00,1.00,2.00,1.00,1.00,1.50,1.50,2.00,2.00,1.50,1.50,1.50,2.00,2.00,1.00,1.00,1.00,1.00,2.00,1.50,1.00,1.50,1.00,2.00,1.00,1.00,1.00,1.00,1.00,1.00,1.00,1.00,1.00,1.00,1.00,1.00,1.00,1.00,0.95,1.79,1.28,2.87,1.11,0.00,0.00,2.00,1.00,0.00,1.00,0.00,0.00,0.00
Plastics_and_Rubber_Products_Manufacturing,2.00,2.00,2.00,2.00,2.00,2.00,2.00,2.00,2.00,2.00,1.50,2.00,2.00,2.00,2.00,1.50,2.00,2.00,2.00,2.00,2.00,2.00,2.00,2.00,2.00,2.00,2.00,2.00,2.00,2.00,2.00,2.00,2.00,1.00,1.00,1.00,2.00,1.00,1.00,1.50,1.50,2.00,2.00,1.50,1.50,1.50,2.00,2.00,1.00,1.00,1.00,1.00,2.00,1.50,1.00,1.50,1.00,1.50,1.00,1.00,1.00,1.00,1.00,1.00,1.00,1.00,1.00,1.00,1.00,1.00,1.00,1.00,0.95,1.79,1.28,2.87,1.11,0.00,0.00,2.00,1.00,0.00,1.00,0.00,0.00,0.00
Glass_Products_Manufacturing,2.00,2.00,2.00,2.00,2.00,2.00,2.00,2.00,2.00,2.00,1.50,2.00,2.00,2.00,2.00,1.50,2.00,2.00,2.00,2.00,2.00,2.00,2.00,2.00,2.00,2.00,2.00,2.00,2.00,2.00,2.00,2.00,2.00,1.00,1.00,1.00,2.00,1.00,1.00,1.50,1.50,2.00,2.00,1.50,1.50,1.50,2.00,2.00,1.00,1.00,1.00,1.00,2.00,1.50,1.00,1.50,1.00,1.50,1.00,1.00,1.00,1.00,1.00,1.00,1.00,1.00,1.00,1.00,1.00,1.00,1.00,1.00,0.95,1.79,1.28,2.87,1.11,0.00,0.00,2.00,1.00,0.00,1.00,0.00,0.00,0.00
Cement_Manufacturing,1.50,2.00,2.00,1.50,1.50,1.50,2.00,2.00,2.00,1.50,1.50,1.50,1.50,1.50,1.50,1.50,2.00,2.00,2.00,2.00,2.00,2.00,1.50,2.00,1.50,1.50,1.50,1.50,1.50,1.50,1.50,1.50,1.50,1.00,1.00,1.00,2.00,1.00,1.00,1.50,1.50,2.00,2.00,1.50,1.50,1.50,2.00,2.00,1.00,1.00,1.00,1.00,2.00,1.50,1.00,1.50,1.00,1.50,1.00,1.00,1.00,1.00,1.00,1.00,1.00,1.00,1.00,1.00,1.00,1.00,1.00,1.00,0.95,1.79,1.28,2.87,1.11,0.00,0.00,2.00,1.00,0.00,1.00,0.00,0.00,0.00
Other_Nonmetalic_Mineral_Products_Manufacturing,2.00,2.00,2.00,2.00,2.00,2.00,2.00,2.00,2.00,2.00,1.50,2.00,2.00,2.00,2.00,1.50,2.00,2.00,2.00,2.00,2.00,2.00,2.00,2.00,2.00,2.00,2.00,2.00,2.00,2.00,2.00,2.00,2.00,1.00,1.00,1.00,2.00,1.00,1.00,1.50,1.50,2.00,2.00,1.50,1.50,1.50,2.00,2.00,1.00,1.00,1.00,1.00,2.00,1.50,1.00,1.50,1.00,1.50,1.00,1.00,1.00,1.00,1.00,1.00,1.00,1.00,1.00,1.00,1.00,1.00,1.00,1.00,0.95,1.79,1.28,2.87,1.11,0.00,0.00,2.00,1.00,0.00,1.00,0.00,0.00,0.00
Primary_Ferrous_Metal_Manufacturing,2.00,2.00,2.00,2.00,2.00,2.00,2.00,2.00,2.00,2.00,1.50,2.00,2.00,2.00,2.00,1.50,2.00,2.00,2.00,2.00,2.00,2.00,2.00,2.00,2.00,2.00,2.00,2.00,2.00,2.00,2.00,2.00,2.00,1.00,1.00,1.00,2.00,1.00,1.00,1.50,1.50,2.00,2.00,1.50,1.50,1.50,2.00,2.00,1.00,1.00,1.00,1.00,2.00,1.50,1.00,1.50,1.00,2.00,1.00,1.00,1.00,1.00,1.00,1.00,1.00,1.00,1.00,1.00,1.00,1.00,1.00,1.00,0.95,1.79,1.28,2.87,1.11,0.00,0.00,2.00,1.00,0.00,1.00,0.00,0.00,0.00
Primary_Nonferrous_Metal_Manufacturing,2.00,2.00,2.00,2.00,2.00,2.00,2.00,2.00,2.00,2.00,1.50,2.00,2.00,2.00,2.00,1.50,2.00,2.00,2.00,2.00,2.00,2.00,2.00,2.00,2.00,2.00,2.00,2.00,2.00,2.00,2.00,2.00,2.00,1.00,1.00,1.00,2.00,1.00,1.00,1.50,1.50,2.00,2.00,1.50,1.50,1.50,2.00,2.00,1.00,1.00,1.00,1.00,2.00,1.50,1.00,1.50,1.00,1.50,1.00,1.00,1.00,1.00,1.00,1.00,1.00,1.00,1.00,1.00,1.00,1.00,1.00,1.00,0.95,1.79,1.28,2.87,1.11,0.00,0.00,2.00,1.00,0.00,1.00,0.00,0.00,0.00
Fabricated_Metal_Product_Manufacturing,2.00,2.00,2.00,2.00,2.00,2.00,2.00,2.00,2.00,2.00,1.50,2.00,2.00,2.00,2.00,1.50,2.00,2.00,2.00,2.00,2.00,2.00,2.00,2.00,2.00,2.00,2.00,2.00,2.00,2.00,2.00,2.00,2.00,1.00,1.00,1.00,2.00,1.00,1.00,1.50,1.50,2.00,2.00,1.50,1.50,1.50,2.00,2.00,1.00,1.00,1.00,1.00,2.00,1.50,1.00,1.50,1.00,1.50,1.00,1.00,1.00,1.00,1.00,1.00,1.00,1.00,1.00,1.00,1.00,1.00,1.00,1.00,0.95,1.79,1.28,2.87,1.11,0.00,0.00,2.00,1.00,0.00,1.00,0.00,0.00,0.00
Machinery_Manufacturing,2.00,2.00,2.00,2.00,2.00,2.00,2.00,2.00,2.00,2.00,1.50,2.00,2.00,2.00,2.00,1.50,2.00,2.00,2.00,2.00,2.00,2.00,2.00,2.00,2.00,2.00,2.00,2.00,2.00,2.00,2.00,2.00,2.00,1.00,1.00,1.00,2.00,1.00,1.00,1.50,1.50,2.00,2.00,1.50,1.50,1.50,2.00,2.00,1.00,1.00,1.00,1.00,2.00,1.50,1.00,1.50,1.00,1.50,1.00,1.00,1.00,1.00,1.00,1.00,1.00,1.00,1.00,1.00,1.00,1.00,1.00,1.00,0.95,1.79,1.28,2.87,1.11,0.00,0.00,2.00,1.00,0.00,1.00,0.00,0.00,0.00
Computer_and_Electronic_Product_Manufacturing,2.00,2.00,2.00,2.00,2.00,2.00,2.00,2.00,2.00,2.00,1.50,2.00,2.00,2.00,2.00,1.50,2.00,2.00,2.00,2.00,2.00,2.00,2.00,2.00,2.00,2.00,2.00,2.00,2.00,2.00,2.00,2.00,2.00,1.00,1.00,1.00,2.00,1.00,1.00,1.50,1.50,2.00,2.00,1.50,1.50,1.50,2.00,2.00,1.00,1.00,1.00,1.00,2.00,1.50,1.00,1.50,1.00,1.50,1.00,1.00,1.00,1.00,1.00,1.00,1.00,1.00,1.00,1.00,1.00,1.00,1.00,1.00,0.95,1.79,1.28,2.87,1.11,0.00,0.00,2.00,1.00,0.00,1.00,0.00,0.00,0.00
"Electrical_Equipment,_Appliances,_and_Components_Manufacturing",2.00,2.00,2.00,2.00,2.00,2.00,2.00,2.00,2.00,2.00,1.50,2.00,2.00,2.00,2.00,1.50,2.00,2.00,2.00,2.00,2.00,2.00,2.00,2.00,2.00,2.00,2.00,2.00,2.00,2.00,2.00,2.00,2.00,1.00,1.00,1.00,2.00,1.00,1.00,1.50,1.50,2.00,2.00,1.50,1.50,1.50,2.00,2.00,1.00,1.00,1.00,1.00,2.00,1.50,1.00,1.50,1.00,1.50,1.00,1.00,1.00,1.00,1.00,1.00,1.00,1.00,1.00,1.00,1.00,1.00,1.00,1.00,0.95,1.79,1.28,2.87,1.11,0.00,0.00,2.00,1.00,0.00,1.00,0.00,0.00,0.00
Motor_Vehicle_and_Parts_Manufacturing,2.00,2.00,2.00,2.00,2.00,2.00,2.00,2.00,2.00,2.00,1.50,2.00,2.00,2.00,2.00,1.50,2.00,2.00,2.00,2.00,2.00,2.00,2.00,2.00,2.00,2.00,2.00,2.00,2.00,2.00,2.00,2.00,2.00,1.00,1.00,1.00,2.00,1.00,1.00,1.50,1.50,2.00,2.00,1.50,1.50,1.50,2.00,2.00,1.00,1.00,1.00,1.00,2.00,1.50,1.00,1.50,1.00,1.50,1.00,1.00,1.00,1.00,1.00,1.00,1.00,1.00,1.00,1.00,1.00,1.00,1.00,1.00,0.95,1.79,1.28,2.87,1.11,0.00,0.00,2.00,1.00,0.00,1.00,0.00,0.00,0.00
Ships_and_Boats_Manufacturing,2.00,2.00,2.00,2.00,2.00,2.00,2.00,2.00,2.00,2.00,1.50,2.00,2.00,2.00,2.00,1.50,2.00,2.00,2.00,2.00,2.00,2.00,2.00,2.00,2.00,2.00,2.00,2.00,2.00,2.00,2.00,2.00,2.00,1.00,1.00,1.00,2.00,1.00,1.00,1.50,1.50,2.00,2.00,1.50,1.50,1.50,2.00,2.00,1.00,1.00,1.00,1.00,2.00,1.50,1.00,1.50,1.00,2.00,1.00,1.00,1.00,1.00,1.00,1.00,1.00,1.00,1.00,1.00,1.00,1.00,1.00,1.00,0.95,1.79,1.28,2.87,1.11,0.00,0.00,2.00,1.00,0.00,1.00,0.00,0.00,0.00
Other_Transportation_Equipment_Manufacturing,2.00,2.00,2.00,2.00,2.00,2.00,2.00,2.00,2.00,2.00,1.50,2.00,2.00,2.00,2.00,1.50,2.00,2.00,2.00,2.00,2.00,2.00,2.00,2.00,2.00,2.00,2.00,2.00,2.00,2.00,2.00,2.00,2.00,1.00,1.00,1.00,2.00,1.00,1.00,1.50,1.50,2.00,2.00,1.50,1.50,1.50,2.00,2.00,1.00,1.00,1.00,1.00,2.00,1.50,1.00,1.50,1.00,1.50,1.00,1.00,1.00,1.00,1.00,1.00,1.00,1.00,1.00,1.00,1.00,1.00,1.00,1.00,0.95,1.79,1.28,2.87,1.11,0.00,0.00,2.00,1.00,0.00,1.00,0.00,0.00,0.00
Furniture_and_Related_Products_Manufacturing,2.00,2.00,2.00,2.00,2.00,2.00,2.00,2.00,2.00,2.00,1.50,2.00,2.00,2.00,2.00,1.50,2.00,2.00,2.00,2.00,2.00,2.00,2.00,2.00,2.00,2.00,2.00,2.00,2.00,2.00,2.00,2.00,2.00,1.00,1.00,1.00,2.00,1.00,1.00,1.50,1.50,2.00,2.00,1.50,1.50,1.50,2.00,2.00,1.00,1.00,1.00,1.00,2.00,1.50,1.00,1.50,1.00,1.50,1.00,1.00,1.00,1.00,1.00,1.00,1.00,1.00,1.00,1.00,1.00,1.00,1.00,1.00,0.95,1.79,1.28,2.87,1.11,0.00,0.00,2.00,1.00,0.00,1.00,0.00,0.00,0.00
Medical_and_Dental_Supplies_Manufacturing,2.00,2.00,2.00,2.00,2.00,2.00,2.00,2.00,2.00,2.00,1.50,2.00,2.00,2.00,2.00,1.50,2.00,2.00,2.00,2.00,2.00,2.00,2.00,2.00,2.00,2.00,2.00,2.00,2.00,2.00,2.00,2.00,2.00,1.00,1.00,1.00,2.00,1.00,1.00,1.50,1.50,2.00,2.00,1.50,1.50,1.50,2.00,2.00,1.00,1.00,1.00,1.00,2.00,1.50,1.00,1.50,1.00,1.50,1.00,1.00,1.00,1.00,1.00,1.00,1.00,1.00,1.00,1.00,1.00,1.00,1.00,1.00,0.95,1.79,1.28,2.87,1.11,0.00,0.00,2.00,1.00,0.00,1.00,0.00,0.00,0.00
Other_Miscellaneous_Manufacturing,2.00,2.00,2.00,2.00,2.00,2.00,2.00,2.00,2.00,2.00,1.50,2.00,2.00,2.00,2.00,1.50,2.00,2.00,2.00,2.00,2.00,2.00,2.00,2.00,2.00,2.00,2.00,2.00,2.00,2.00,2.00,2.00,2.00,1.00,1.00,1.00,2.00,1.00,1.00,1.50,1.50,2.00,2.00,1.50,1.50,1.50,2.00,2.00,1.00,1.00,1.00,1.00,2.00,1.50,1.00,1.50,1.00,1.50,1.00,1.00,1.00,1.00,1.00,1.00,1.00,1.00,1.00,1.00,1.00,1.00,1.00,1.00,0.95,1.79,1.28,2.87,1.11,0.00,0.00,2.00,1.00,0.00,1.00,0.00,0.00,0.00
Wholesale_Durable_Goods,2.00,2.00,2.00,2.00,2.00,2.00,2.00,2.00,2.00,2.00,1.50,2.00,2.00,2.00,2.00,1.50,2.00,2.00,2.00,2.00,2.00,2.00,2.00,2.00,2.00,2.00,2.00,2.00,2.00,2.00,2.00,2.00,2.00,1.00,1.00,1.00,2.00,1.00,1.00,1.50,1.50,2.00,2.00,1.50,1.50,1.50,2.00,2.00,1.00,1.00,1.00,1.00,2.00,1.50,1.00,1.50,1.00,1.50,1.00,1.00,1.00,1.00,1.00,1.00,1.00,1.00,1.00,1.00,1.00,1.00,1.00,1.00,0.95,1.79,1.28,2.87,1.11,0.00,0.00,2.00,1.00,0.00,1.00,0.00,0.00,0.00
Wholesale_Nondurable_Goods,2.00,2.00,2.00,2.00,2.00,2.00,2.00,2.00,2.00,2.00,1.50,2.00,2.00,2.00,2.00,1.50,2.00,2.00,2.00,2.00,2.00,2.00,2.00,2.00,2.00,2.00,2.00,2.00,2.00,2.00,2.00,2.00,2.00,1.00,1.00,1.00,2.00,1.00,1.00,1.50,1.50,2.00,2.00,1.50,1.50,1.50,2.00,2.00,1.00,1.00,1.00,1.00,2.00,1.50,1.00,1.50,1.00,1.50,1.00,1.00,1.00,1.00,1.00,1.00,1.00,1.00,1.00,1.00,1.00,1.00,1.00,1.00,0.95,1.79,1.28,2.87,1.11,0.00,0.00,2.00,1.00,0.00,1.00,0.00,0.00,0.00
Motor_Vehicle_and_Parts_Dealers,2.00,2.00,2.00,2.00,2.00,2.00,2.00,2.00,2.00,2.00,1.50,2.00,2.00,2.00,2.00,1.50,2.00,2.00,2.00,2.00,2.00,2.00,2.00,2.00,2.00,2.00,2.00,2.00,2.00,2.00,2.00,2.00,2.00,1.00,1.00,1.00,2.00,1.00,1.00,1.50,1.50,2.00,2.00,1.50,1.50,1.50,2.00,2.00,1.00,1.00,1.00,1.00,2.00,1.50,1.00,1.50,1.00,1.50,1.00,1.00,1.00,1.00,1.00,1.00,1.00,1.00,1.00,1.00,1.00,1.00,1.00,1.00,0.95,1.79,1.28,2.87,1.11,0.00,0.00,2.00,1.00,0.00,1.00,0.00,0.00,0.00
Food_and_Beverages_Stores,2.00,2.00,2.00,2.00,2.00,2.00,2.00,2.00,2.00,2.00,1.50,2.00,2.00,2.00,2.00,1.50,2.00,2.00,2.00,2.00,2.00,2.00,2.00,2.00,2.00,2.00,2.00,2.00,2.00,2.00,2.00,2.00,2.00,1.00,1.00,1.00,2.00,1.00,1.00,1.50,1.50,2.00,2.00,1.50,1.50,1.50,2.00,2.00,1.00,1.00,1.00,1.00,2.00,1.50,1.00,1.50,1.00,1.50,1.00,1.00,1.00,1.00,1.00,1.00,1.00,1.00,1.00,1.00,1.00,1.00,1.00,1.00,0.95,1.79,1.28,2.87,1.11,0.00,0.00,2.00,1.00,0.00,1.00,0.00,0.00,0.00
General_Merchandise_Stores,2.00,2.00,2.00,2.00,2.00,2.00,2.00,2.00,2.00,2.00,1.50,2.00,2.00,2.00,2.00,1.50,2.00,2.00,2.00,2.00,2.00,2.00,2.00,2.00,2.00,2.00,2.00,2.00,2.00,2.00,2.00,2.00,2.00,1.00,1.00,1.00,2.00,1.00,1.00,1.50,1.50,2.00,2.00,1.50,1.50,1.50,2.00,2.00,1.00,1.00,1.00,1.00,2.00,1.50,1.00,1.50,1.00,1.50,1.00,1.00,1.00,1.00,1.00,1.00,1.00,1.00,1.00,1.00,1.00,1.00,1.00,1.00,0.95,1.79,1.28,2.87,1.11,0.00,0.00,2.00,1.00,0.00,1.00,0.00,0.00,0.00
Gas_Stations,1.50,2.00,2.00,1.50,1.50,1.50,2.00,2.00,2.00,1.50,1.50,1.50,1.50,1.50,1.50,1.50,2.00,2.00,2.00,2.00,2.00,2.00,1.50,2.00,1.50,1.50,1.50,1.50,1.50,1.50,1.50,1.50,1.50,1.00,1.00,1.00,2.00,1.50,1.00,1.50,1.50,2.00,2.00,1.50,1.50,1.50,2.00,2.00,1.00,1.00,1.00,1.00,2.00,1.50,1.00,1.50,1.00,1.50,1.00,1.00,1.00,1.00,1.00,1.00,1.00,1.00,1.00,1.00,1.00,1.00,1.00,1.00,0.95,1.79,1.28,2.87,1.11,0.00,0.00,2.00,1.00,0.00,1.00,0.00,0.00,0.00
Other_Non_Gas_Stations_Retail,2.00,2.00,2.00,2.00,2.00,2.00,2.00,2.00,2.00,2.00,1.50,2.00,2.00,2.00,2.00,1.50,2.00,2.00,2.00,2.00,2.00,2.00,2.00,2.00,2.00,2.00,2.00,2.00,2.00,2.00,2.00,2.00,2.00,1.00,1.00,1.00,2.00,1.00,1.00,1.50,1.50,2.00,2.00,1.50,1.50,1.50,2.00,2.00,1.00,1.00,1.00,1.00,2.00,1.50,1.00,1.50,1.00,1.50,1.00,1.00,1.00,1.00,1.00,1.00,1.00,1.00,1.00,1.00,1.00,1.00,1.00,1.00,0.95,1.79,1.28,2.87,1.11,0.00,0.00,2.00,1.00,0.00,1.00,0.00,0.00,0.00
Air_Transportation,2.00,2.00,2.00,2.00,2.00,2.00,2.00,2.00,2.00,2.00,1.50,2.00,2.00,2.00,2.00,1.50,2.00,2.00,2.00,2.00,2.00,2.00,2.00,2.00,2.00,2.00,2.00,2.00,2.00,2.00,2.00,2.00,2.00,1.00,1.00,1.00,2.00,1.00,1.00,1.50,1.50,2.00,2.00,1.50,1.50,1.50,2.00,2.00,1.00,1.00,1.00,1.00,2.00,1.50,1.00,1.50,1.00,1.50,1.00,1.00,1.00,1.00,1.00,1.00,1.00,1.00,1.00,1.00,1.00,1.00,1.00,1.00,0.95,1.79,1.28,2.87,1.11,0.00,0.00,2.00,1.00,0.00,1.00,0.00,0.00,0.00
Rail_Transportation,2.00,2.00,2.00,2.00,2.00,2.00,2.00,2.00,2.00,2.00,1.50,2.00,2.00,2.00,2.00,1.50,2.00,2.00,2.00,2.00,2.00,2.00,2.00,2.00,2.00,2.00,2.00,2.00,2.00,2.00,2.00,2.00,2.00,1.00,1.00,1.00,2.00,1.00,1.00,1.50,1.50,2.00,2.00,1.50,1.50,1.50,2.00,2.00,1.00,1.00,1.00,1.00,2.00,1.50,1.00,1.50,1.00,1.50,1.00,1.00,1.00,1.00,1.00,1.00,1.00,1.00,1.00,1.00,1.00,1.00,1.00,1.00,0.95,1.79,1.28,2.87,1.11,0.00,0.00,2.00,1.00,0.00,1.00,0.00,0.00,0.00
Water_Transportation,1.50,2.00,2.00,1.50,1.50,1.50,2.00,2.00,2.00,1.50,1.50,1.50,1.50,1.50,1.50,1.50,2.00,2.00,2.00,2.00,2.00,2.00,1.50,2.00,1.50,1.50,1.50,1.50,1.50,1.50,1.50,1.50,1.50,1.00,1.00,1.00,2.00,1.00,1.00,1.50,1.50,2.00,2.00,1.50,1.50,1.50,2.00,2.00,1.00,1.00,1.00,1.00,2.00,1.50,1.00,1.50,1.00,1.50,1.00,1.00,1.00,1.00,1.00,1.00,1.00,1.00,1.00,1.00,1.00,1.00,1.00,1.00,0.95,1.79,1.28,2.87,1.11,0.00,0.00,2.00,1.00,0.00,1.00,0.00,0.00,0.00
Truck_Transportation,2.00,2.00,2.00,2.00,2.00,2.00,2.00,2.00,2.00,2.00,1.50,2.00,2.00,2.00,2.00,1.50,2.00,2.00,2.00,2.00,2.00,2.00,2.00,2.00,2.00,2.00,2.00,2.00,2.00,2.00,2.00,2.00,2.00,1.00,1.00,1.00,2.00,1.00,1.00,1.50,1.50,2.00,2.00,1.50,1.50,1.50,2.00,2.00,1.00,1.00,1.00,1.00,2.00,1.50,1.00,1.50,1.00,1.50,1.00,1.00,1.00,1.00,1.00,1.00,1.00,1.00,1.00,1.00,1.00,1.00,1.00,1.00,0.95,1.79,1.28,2.87,1.11,0.00,0.00,2.00,1.00,0.00,1.00,0.00,0.00,0.00
Transit_and_Ground_Passenger_Transportation,2.00,2.00,2.00,2.00,2.00,2.00,2.00,2.00,2.00,2.00,1.50,2.00,2.00,2.00,2.00,1.50,2.00,2.00,2.00,2.00,2.00,2.00,2.00,2.00,2.00,2.00,2.00,2.00,2.00,2.00,2.00,2.00,2.00,1.00,1.00,1.00,2.00,1.00,1.00,1.50,1.50,2.00,2.00,1.50,1.50,1.50,2.00,2.00,1.00,1.00,1.00,1.00,2.00,1.50,1.00,1.50,1.00,1.50,1.00,1.00,1.00,1.00,1.00,1.00,1.00,1.00,1.00,1.00,1.00,1.00,1.00,1.00,0.95,1.79,1.28,2.87,1.11,0.00,0.00,2.00,1.00,0.00,1.00,0.00,0.00,0.00
Pipeline_Transportation,1.50,2.00,2.00,1.50,1.50,1.50,2.00,2.00,2.00,1.50,1.50,1.50,1.50,1.50,1.50,1.50,2.00,2.00,2.00,2.00,2.00,2.00,1.50,2.00,1.50,1.50,1.50,1.50,1.50,1.50,1.50,1.50,1.50,1.00,1.00,1.00,2.00,1.00,1.00,1.50,1.50,2.00,2.00,1.50,1.50,1.50,2.00,2.00,1.00,1.00,1.00,1.00,2.00,1.50,1.00,1.50,1.00,1.50,1.00,1.00,1.00,1.00,1.00,1.00,1.00,1.00,1.00,1.00,1.00,1.00,1.00,1.00,0.95,1.79,1.28,2.87,1.11,0.00,0.00,2.00,1.00,0.00,1.00,0.00,0.00,0.00
Other_Transportation_and_Support_Activities,2.00,2.00,2.00,2.00,2.00,2.00,2.00,2.00,2.00,2.00,1.50,2.00,2.00,2.00,2.00,1.50,2.00,2.00,2.00,2.00,2.00,2.00,2.00,2.00,2.00,2.00,2.00,2.00,2.00,2.00,2.00,2.00,2.00,1.00,1.00,1.00,2.00,1.00,1.00,1.50,1.50,2.00,2.00,1.50,1.50,1.50,2.00,2.00,1.00,1.00,1.00,1.00,2.00,1.50,1.00,1.50,1.00,1.50,1.00,1.00,1.00,1.00,1.00,1.00,1.00,1.00,1.00,1.00,1.00,1.00,1.00,1.00,0.95,1.79,1.28,2.87,1.11,0.00,0.00,2.00,1.00,0.00,1.00,0.00,0.00,0.00
Warehousing_and_Storage,2.00,2.00,2.00,2.00,2.00,2.00,2.00,2.00,2.00,2.00,1.50,2.00,2.00,2.00,2.00,1.50,2.00,2.00,2.00,2.00,2.00,2.00,2.00,2.00,2.00,2.00,2.00,2.00,2.00,2.00,2.00,2.00,2.00,1.00,1.00,1.00,2.00,1.00,1.00,1.50,1.50,2.00,2.00,1.50,1.50,1.50,2.00,2.00,1.00,1.00,1.00,1.00,2.00,1.50,1.00,1.50,1.00,1.50,1.00,1.00,1.00,1.00,1.00,1.00,1.00,1.00,1.00,1.00,1.00,1.00,1.00,1.00,0.95,1.79,1.28,2.87,1.11,0.00,0.00,2.00,1.00,0.00,1.00,0.00,0.00,0.00
Publishing_Industries_(Except_Internet),2.00,2.00,2.00,2.00,2.00,2.00,2.00,2.00,2.00,2.00,1.50,2.00,2.00,2.00,2.00,1.50,2.00,2.00,2.00,2.00,2.00,2.00,2.00,2.00,2.00,2.00,2.00,2.00,2.00,2.00,2.00,2.00,2.00,1.00,1.00,1.00,2.00,1.00,1.00,1.50,1.50,2.00,2.00,1.50,1.50,1.50,2.00,2.00,1.00,1.00,1.00,1.00,2.00,1.50,1.00,1.50,1.00,1.50,1.00,1.00,1.00,1.00,1.00,1.00,1.00,1.00,1.00,1.00,1.00,1.00,1.00,1.00,0.95,1.79,1.28,2.87,1.11,0.00,0.00,2.00,1.00,0.00,1.00,0.00,0.00,0.00
Movie_Theaters,2.00,2.00,2.00,2.00,2.00,2.00,2.00,2.00,2.00,2.00,1.50,2.00,2.00,2.00,2.00,1.50,2.00,2.00,2.00,2.00,2.00,2.00,2.00,2.00,2.00,2.00,2.00,2.00,2.00,2.00,2.00,2.00,2.00,1.00,1.00,1.00,2.00,1.00,1.00,1.50,1.50,2.00,2.00,1.50,1.50,1.50,2.00,2.00,1.00,1.00,1.00,1.00,2.00,1.50,1.00,1.50,1.00,2.00,1.00,1.00,1.00,1.00,1.00,1.00,1.00,1.00,1.00,1.00,1.00,1.00,1.00,1.00,0.95,1.79,1.28,2.87,1.11,0.00,0.00,2.00,1.00,0.00,1.00,0.00,0.00,0.00
Other_Motion_Picture_and_Sound_Recording,2.00,2.00,2.00,2.00,2.00,2.00,2.00,2.00,2.00,2.00,1.50,2.00,2.00,2.00,2.00,1.50,2.00,2.00,2.00,2.00,2.00,2.00,2.00,2.00,2.00,2.00,2.00,2.00,2.00,2.00,2.00,2.00,2.00,1.00,1.00,1.00,2.00,1.00,1.00,1.50,1.50,2.00,2.00,1.50,1.50,1.50,2.00,2.00,1.00,1.00,1.00,1.00,2.00,1.50,1.00,1.50,1.00,1.50,1.00,1.00,1.00,1.00,1.00,1.00,1.00,1.00,1.00,1.00,1.00,1.00,1.00,1.00,0.95,1.79,1.28,2.87,1.11,0.00,0.00,2.00,1.00,0.00,1.00,0.00,0.00,0.00
Broadcasting_(Except_Internet)_and_Telecommunications,2.00,2.00,2.00,2.00,2.00,2.00,2.00,2.00,2.00,2.00,1.50,2.00,2.00,2.00,2.00,1.50,2.00,2.00,2.00,2.00,2.00,2.00,2.00,2.00,2.00,2.00,2.00,2.00,2.00,2.00,2.00,2.00,2.00,1.00,1.00,1.00,2.00,1.00,1.00,1.50,1.50,2.00,2.00,1.50,1.50,1.50,2.00,2.00,1.00,1.00,1.00,1.00,2.00,1.50,1.00,1.50,1.00,1.50,1.00,1.00,1.00,1.00,1.00,1.00,1.00,1.00,1.00,1.00,1.00,1.00,1.00,1.00,0.95,1.79,1.28,2.87,1.11,0.00,0.00,2.00,1.00,0.00,1.00,0.00,0.00,0.00
Telephone_Communication,2.00,2.00,2.00,2.00,2.00,2.00,2.00,2.00,2.00,2.00,1.50,2.00,2.00,2.00,2.00,1.50,2.00,2.00,2.00,2.00,2.00,2.00,2.00,2.00,2.00,2.00,2.00,2.00,2.00,2.00,2.00,2.00,2.00,1.50,1.00,1.00,2.00,1.50,1.00,1.50,1.50,2.00,2.00,1.50,1.50,1.50,2.00,2.00,1.00,1.00,1.00,1.00,2.00,1.50,1.00,1.50,1.00,1.50,1.00,1.00,1.00,1.00,1.00,1.00,1.00,1.00,1.00,1.00,1.00,1.00,1.00,1.00,0.95,1.79,1.28,2.87,1.11,0.00,0.00,2.00,1.00,0.00,1.00,0.00,0.00,0.00
Cable_Television,2.00,2.00,2.00,2.00,2.00,2.00,2.00,2.00,2.00,2.00,1.50,2.00,2.00,2.00,2.00,1.50,2.00,2.00,2.00,2.00,2.00,2.00,2.00,2.00,2.00,2.00,2.00,2.00,2.00,2.00,2.00,2.00,2.00,1.00,1.00,1.00,2.00,1.00,1.00,1.50,1.50,2.00,2.00,1.50,1.50,2.00,2.00,2.00,1.00,1.00,1.00,1.00,2.00,1.50,1.00,1.50,1.00,1.50,1.00,1.00,1.00,1.00,1.00,1.00,1.00,1.00,1.00,1.00,1.00,1.00,1.00,1.00,0.95,1.79,1.28,2.87,1.11,0.00,0.00,2.00,1.00,0.00,1.00,0.00,0.00,0.00
Other_Telecommunication,2.00,2.00,2.00,2.00,2.00,2.00,2.00,2.00,2.00,2.00,1.50,2.00,2.00,2.00,2.00,2.00,2.00,2.00,2.00,2.00,2.00,2.00,2.00,2.00,2.00,2.00,2.00,2.00,2.00,2.00,2.00,2.00,2.00,1.00,1.00,1.00,2.00,1.00,1.00,2.00,2.00,2.00,2.00,1.50,1.50,2.00,2.00,2.00,1.00,1.00,1.00,1.00,2.00,1.50,1.00,1.50,1.00,1.50,1.00,1.00,1.00,1.00,1.00,1.00,1.00,1.00,1.00,1.00,1.00,1.00,1.00,1.00,0.95,1.79,1.28,2.87,1.11,0.00,0.00,2.00,1.00,0.00,1.00,0.00,0.00,0.00
Information_and_Data_Processing,2.00,2.00,2.00,2.00,2.00,2.00,2.00,2.00,2.00,2.00,1.50,2.00,2.00,2.00,2.00,1.50,2.00,2.00,2.00,2.00,2.00,2.00,2.00,2.00,2.00,2.00,2.00,2.00,2.00,2.00,2.00,2.00,2.00,1.00,1.00,1.00,2.00,1.00,1.00,1.50,1.50,2.00,2.00,1.50,1.50,1.50,2.00,2.00,1.00,1.00,1.00,1.00,2.00,1.50,1.00,1.50,1.00,1.50,1.00,1.00,1.00,1.00,1.00,1.00,1.00,1.00,1.00,1.00,1.00,1.00,1.00,1.00,0.95,1.79,1.28,2.87,1.11,0.00,0.00,2.00,1.00,0.00,1.00,0.00,0.00,0.00
Depository_Credit_Intermediation,2.00,2.00,2.00,2.00,2.00,2.00,2.00,2.00,2.00,2.00,1.50,2.00,2.00,2.00,2.00,1.50,2.00,2.00,2.00,2.00,2.00,2.00,2.00,2.00,2.00,2.00,2.00,2.00,2.00,2.00,2.00,2.00,2.00,1.00,1.00,1.00,2.00,1.00,1.00,1.50,1.50,2.00,2.00,1.50,1.50,1.50,2.00,2.00,1.00,1.00,1.00,1.00,2.00,1.50,1.00,1.50,1.00,1.50,1.00,1.00,1.00,1.00,1.00,1.00,1.00,1.00,1.00,1.00,1.00,1.00,1.00,1.00,0.95,1.79,1.28,2.87,1.11,0.00,0.00,2.00,1.00,0.00,1.00,0.00,0.00,0.00
Other_Intermediation,2.00,2.00,2.00,2.00,2.00,2.00,2.00,2.00,2.00,2.00,1.50,2.00,2.00,2.00,2.00,1.50,2.00,2.00,2.00,2.00,2.00,2.00,2.00,2.00,2.00,2.00,2.00,2.00,2.00,2.00,2.00,2.00,2.00,1.00,1.00,1.00,2.00,1.00,1.00,1.50,1.50,2.00,2.00,1.50,1.50,1.50,2.00,2.00,1.00,1.00,1.00,1.00,2.00,1.50,1.00,1.50,1.00,1.50,1.00,1.00,1.00,1.00,1.00,1.00,1.00,1.00,1.00,1.00,1.00,1.00,1.00,1.00,0.95,1.79,1.28,2.87,1.11,0.00,0.00,2.00,1.00,0.00,1.00,0.00,0.00,0.00
Nondepository_Credit_Intermediation,2.00,2.00,2.00,2.00,2.00,2.00,2.00,2.00,2.00,2.00,1.50,2.00,2.00,2.00,2.00,1.50,2.00,2.00,2.00,2.00,2.00,2.00,2.00,2.00,2.00,2.00,2.00,2.00,2.00,2.00,2.00,2.00,2.00,1.00,1.00,1.00,2.00,1.00,1.00,1.50,1.50,2.00,2.00,1.50,1.50,1.50,2.00,2.00,1.00,1.00,1.00,1.00,2.00,1.50,1.00,1.50,1.00,1.50,1.00,1.00,1.00,1.00,1.00,1.00,1.00,1.00,1.00,1.00,1.00,1.00,1.00,1.00,0.95,1.79,1.28,2.87,1.11,0.00,0.00,2.00,1.00,0.00,1.00,0.00,0.00,0.00
"Securities,_Commodity_Contracts,_and_Other_Financial_Investments_and_Related_Activities",2.00,2.00,2.00,2.00,2.00,2.00,2.00,2.00,2.00,2.00,1.50,2.00,2.00,2.00,2.00,1.50,2.00,2.00,2.00,2.00,2.00,2.00,2.00,2.00,2.00,2.00,2.00,2.00,2.00,2.00,2.00,2.00,2.00,1.00,1.00,1.00,2.00,1.00,1.00,1.50,1.50,2.00,2.00,1.50,1.50,1.50,2.00,2.00,1.00,1.00,1.00,1.00,2.00,1.50,1.00,1.50,1.00,1.50,1.00,1.00,1.00,1.00,1.00,1.00,1.00,1.00,1.00,1.00,1.00,1.00,1.00,1.00,0.95,1.79,1.28,2.87,1.11,0.00,0.00,2.00,1.00,0.00,1.00,0.00,0.00,0.00
Insurance_Carriers,2.00,2.00,2.00,2.00,2.00,2.00,2.00,2.00,2.00,2.00,1.50,2.00,2.00,2.00,2.00,1.50,2.00,2.00,2.00,2.00,2.00,2.00,2.00,2.00,2.00,2.00,2.00,2.00,2.00,2.00,2.00,2.00,2.00,1.00,1.00,1.00,2.00,1.00,1.00,1.50,1.50,2.00,2.00,1.50,1.50,1.50,2.00,2.00,1.00,1.00,1.00,1.00,2.00,1.50,1.00,1.50,1.00,1.50,1.00,1.00,1.00,1.00,1.00,1.00,1.00,1.00,1.00,1.00,1.00,1.00,1.00,1.00,0.95,1.79,1.28,2.87,1.11,0.00,0.00,2.00,1.00,0.00,1.00,0.00,0.00,0.00
Insurance_Agencies_and_Brokers_and_Related_Services,2.00,2.00,2.00,2.00,2.00,2.00,2.00,2.00,2.00,2.00,1.50,2.00,2.00,2.00,2.00,1.50,2.00,2.00,2.00,2.00,2.00,2.00,2.00,2.00,2.00,2.00,2.00,2.00,2.00,2.00,2.00,2.00,2.00,1.00,1.00,1.00,2.00,1.00,1.00,1.50,1.50,2.00,2.00,1.50,1.50,1.50,2.00,2.00,1.00,1.00,1.00,1.00,2.00,1.50,1.00,1.50,1.00,1.50,1.00,1.00,1.00,1.00,1.00,1.00,1.00,1.00,1.00,1.00,1.00,1.00,1.00,1.00,0.95,1.79,1.28,2.87,1.11,0.00,0.00,2.00,1.00,0.00,1.00,0.00,0.00,0.00
"Funds,_Trusts,_and_Other_Financial_Vehicles_",2.00,2.00,2.00,2.00,2.00,2.00,2.00,2.00,2.00,2.00,1.50,2.00,2.00,2.00,2.00,1.50,2.00,2.00,2.00,2.00,2.00,2.00,2.00,2.00,2.00,2.00,2.00,2.00,2.00,2.00,2.00,2.00,2.00,1.00,1.00,1.00,2.00,1.00,1.00,1.50,1.50,2.00,2.00,1.50,1.50,1.50,2.00,2.00,1.00,1.00,1.00,1.00,2.00,1.50,1.00,1.50,1.00,1.50,1.00,1.00,1.00,1.00,1.00,1.00,1.00,1.00,1.00,1.00,1.00,1.00,1.00,1.00,0.95,1.79,1.28,2.87,1.11,0.00,0.00,2.00,1.00,0.00,1.00,0.00,0.00,0.00
Real_Estate,2.00,2.00,2.00,2.00,2.00,2.00,2.00,2.00,2.00,2.00,1.50,2.00,2.00,2.00,2.00,1.50,2.00,2.00,2.00,2.00,2.00,2.00,2.00,2.00,2.00,2.00,2.00,2.00,2.00,2.00,2.00,2.00,2.00,1.00,1.00,1.00,2.00,1.00,1.00,1.50,1.50,2.00,2.00,1.50,1.50,1.50,2.00,2.00,1.00,1.00,1.00,1.00,2.00,1.50,1.00,1.50,1.00,1.50,1.00,1.00,1.00,1.00,1.00,1.00,1.00,1.00,1.00,1.00,1.00,1.00,1.00,1.00,0.95,1.79,1.28,2.87,1.11,0.00,0.00,2.00,1.00,0.00,1.00,0.00,0.00,0.00
Rental_and_Leasing_(Including_Nonfinancial_Intangibles),2.00,2.00,2.00,2.00,2.00,2.00,2.00,2.00,2.00,2.00,1.50,2.00,2.00,2.00,2.00,1.50,2.00,2.00,2.00,2.00,2.00,2.00,2.00,2.00,2.00,2.00,2.00,2.00,2.00,2.00,2.00,2.00,2.00,1.00,1.00,1.00,2.00,1.00,1.00,1.50,1.50,2.00,2.00,1.50,1.50,1.50,2.00,2.00,1.00,1.00,1.00,1.00,2.00,1.50,1.00,1.50,1.00,1.50,1.00,1.00,1.00,1.00,1.00,1.00,1.00,1.00,1.00,1.00,1.00,1.00,1.00,1.00,0.95,1.79,1.28,2.87,1.11,0.00,0.00,2.00,1.00,0.00,1.00,0.00,0.00,0.00
Legal_Services,2.00,2.00,2.00,2.00,2.00,2.00,2.00,2.00,2.00,2.00,1.50,2.00,2.00,2.00,2.00,1.50,2.00,2.00,2.00,2.00,2.00,2.00,2.00,2.00,2.00,2.00,2.00,2.00,2.00,2.00,2.00,2.00,2.00,1.00,1.00,1.00,2.00,1.00,1.00,1.50,1.50,2.00,2.00,1.50,1.50,1.50,2.00,2.00,1.00,1.00,1.00,1.00,2.00,1.50,1.00,1.50,1.00,1.50,1.00,1.00,1.00,1.00,1.00,1.00,1.00,1.00,1.00,1.00,1.00,1.00,1.00,1.00,0.95,1.79,1.28,2.87,1.11,0.00,0.00,2.00,1.00,0.00,1.00,0.00,0.00,0.00
Computer_Systems_Design_and_Related_Services,2.00,2.00,2.00,2.00,2.00,2.00,2.00,2.00,2.00,2.00,1.50,2.00,2.00,2.00,2.00,1.50,2.00,2.00,2.00,2.00,2.00,2.00,2.00,2.00,2.00,2.00,2.00,2.00,2.00,2.00,2.00,2.00,2.00,1.00,1.00,1.00,2.00,1.00,1.00,1.50,1.50,2.00,2.00,1.50,1.50,1.50,2.00,2.00,1.00,1.00,1.00,1.00,2.00,1.50,1.00,1.50,1.00,1.50,1.00,1.00,1.00,1.00,1.00,1.00,1.00,1.00,1.00,1.00,1.00,1.00,1.00,1.00,0.95,1.79,1.28,2.87,1.11,0.00,0.00,2.00,1.00,0.00,1.00,0.00,0.00,0.00
"Other_Professional,_Scientific,_and_Technical_Services",2.00,2.00,2.00,2.00,2.00,2.00,2.00,2.00,2.00,2.00,1.50,2.00,2.00,2.00,2.00,1.50,2.00,2.00,2.00,2.00,2.00,2.00,2.00,2.00,2.00,2.00,2.00,2.00,2.00,2.00,2.00,2.00,2.00,1.00,1.00,1.00,2.00,1.00,1.00,1.50,1.50,2.00,2.00,1.50,1.50,1.50,2.00,2.00,1.00,1.00,1.00,1.00,2.00,1.50,1.00,1.50,1.00,1.50,1.00,1.00,1.00,1.00,1.00,1.00,1.00,1.00,1.00,1.00,1.00,1.00,1.00,1.00,0.95,1.79,1.28,2.87,1.11,0.00,0.00,2.00,1.00,0.00,1.00,0.00,0.00,0.00
Management_Of_Companies_and_Enterprises,2.00,2.00,2.00,2.00,2.00,2.00,2.00,2.00,2.00,2.00,1.50,2.00,2.00,2.00,2.00,1.50,2.00,2.00,2.00,2.00,2.00,2.00,2.00,2.00,2.00,2.00,2.00,2.00,2.00,2.00,2.00,2.00,2.00,1.00,1.00,1.00,2.00,1.00,1.00,1.50,1.50,2.00,2.00,1.50,1.50,1.50,2.00,2.00,1.00,1.00,1.00,1.00,2.00,1.50,1.00,1.50,1.00,1.50,1.00,1.00,1.00,1.00,1.00,1.00,1.00,1.00,1.00,1.00,1.00,1.00,1.00,1.00,0.95,1.79,1.28,2.87,1.11,0.00,0.00,2.00,1.00,0.00,1.00,0.00,0.00,0.00
Administrative_and_Support_Services,2.00,2.00,2.00,2.00,2.00,2.00,2.00,2.00,2.00,2.00,1.50,2.00,2.00,2.00,2.00,1.50,2.00,2.00,2.00,2.00,2.00,2.00,2.00,2.00,2.00,2.00,2.00,2.00,2.00,2.00,2.00,2.00,2.00,1.00,1.00,1.00,2.00,1.00,1.00,1.50,1.50,2.00,2.00,1.50,1.50,1.50,2.00,2.00,1.00,1.00,1.00,1.00,2.00,1.50,1.00,1.50,1.00,1.50,1.00,1.00,1.00,1.00,1.00,1.00,1.00,1.00,1.00,1.00,1.00,1.00,1.00,1.00,0.95,1.79,1.28,2.87,1.11,0.00,0.00,2.00,1.00,0.00,1.00,0.00,0.00,0.00
Waste_Management_and_Remediation_Services,2.00,2.00,2.00,2.00,2.00,2.00,2.00,2.00,2.00,2.00,1.50,2.00,2.00,2.00,2.00,1.50,2.00,2.00,2.00,2.00,2.00,2.00,2.00,2.00,2.00,2.00,2.00,2.00,2.00,2.00,2.00,2.00,2.00,1.00,1.00,1.00,2.00,1.00,1.00,2.00,2.00,2.00,2.00,1.50,1.50,1.50,2.00,2.00,1.00,1.00,1.00,1.00,2.00,1.50,1.00,1.50,1.00,2.00,1.00,1.00,1.00,1.00,1.00,1.00,1.00,1.00,1.00,1.00,1.00,1.00,1.00,1.00,0.95,1.79,1.28,2.87,1.11,0.00,0.00,2.00,1.00,0.00,1.00,0.00,0.00,0.00
Educational_Services,2.00,2.00,2.00,2.00,2.00,2.00,2.00,2.00,2.00,2.00,1.50,2.00,2.00,2.00,2.00,1.50,2.00,2.00,2.00,2.00,2.00,2.00,2.00,2.00,2.00,2.00,2.00,2.00,2.00,2.00,2.00,2.00,2.00,1.00,1.00,1.00,2.00,1.00,1.00,1.50,1.50,2.00,2.00,1.50,1.50,1.50,2.00,2.00,1.00,1.00,1.00,1.00,2.00,1.50,1.00,1.50,1.00,1.50,1.00,1.00,1.00,1.00,1.00,1.00,1.00,1.00,1.00,1.00,1.00,1.00,1.00,1.00,0.95,1.79,1.28,2.87,1.11,0.00,0.00,2.00,1.00,0.00,1.00,0.00,0.00,0.00
Ambulatory_Health_Care_Services,2.00,2.00,2.00,2.00,2.00,2.00,2.00,2.00,2.00,2.00,1.50,2.00,2.00,2.00,2.00,1.50,2.00,2.00,2.00,2.00,2.00,2.00,2.00,2.00,2.00,2.00,2.00,2.00,2.00,2.00,2.00,2.00,2.00,1.00,1.00,1.00,2.00,1.00,1.00,1.50,1.50,2.00,2.00,1.50,1.50,1.50,2.00,2.00,1.00,1.00,1.00,1.00,2.00,1.50,1.00,1.50,1.00,1.50,1.00,1.00,1.00,1.00,1.00,1.00,1.00,1.00,1.00,1.00,1.00,1.00,1.00,1.00,0.95,1.79,1.28,2.87,1.11,0.00,0.00,2.00,1.00,0.00,1.00,0.00,0.00,0.00
Hospitals,2.00,2.00,2.00,2.00,2.00,2.00,2.00,2.00,2.00,2.00,1.50,2.00,2.00,2.00,2.00,1.50,2.00,2.00,2.00,2.00,2.00,2.00,2.00,2.00,2.00,2.00,2.00,2.00,2.00,2.00,2.00,2.00,2.00,1.00,1.00,1.00,2.00,1.00,1.00,1.50,1.50,2.00,2.00,1.50,1.50,1.50,2.00,2.00,1.00,1.00,1.00,1.00,2.00,1.50,1.00,1.50,1.00,1.50,1.00,1.00,1.00,1.00,1.00,1.00,1.00,1.00,1.00,1.00,1.00,1.00,1.00,1.00,0.95,1.79,1.28,2.87,1.11,0.00,0.00,2.00,1.00,0.00,1.00,0.00,0.00,0.00
Nursing_and_Residential_Care_Facilities,2.00,2.00,2.00,2.00,2.00,2.00,2.00,2.00,2.00,2.00,1.50,2.00,2.00,2.00,2.00,1.50,2.00,2.00,2.00,2.00,2.00,2.00,2.00,2.00,2.00,2.00,2.00,2.00,2.00,2.00,2.00,2.00,2.00,1.00,1.00,1.00,2.00,1.00,1.00,1.50,1.50,2.00,2.00,1.50,1.50,1.50,2.00,2.00,1.00,1.00,1.00,1.00,2.00,1.50,1.00,1.50,1.00,1.50,1.00,1.00,1.00,1.00,1.00,1.00,1.00,1.00,1.00,1.00,1.00,1.00,1.00,1.00,0.95,1.79,1.28,2.87,1.11,0.00,0.00,2.00,1.00,0.00,1.00,0.00,0.00,0.00
Social_Assistance,2.00,2.00,2.00,2.00,2.00,2.00,2.00,2.00,2.00,2.00,1.50,2.00,2.00,2.00,2.00,1.50,2.00,2.00,2.00,2.00,2.00,2.00,2.00,2.00,2.00,2.00,2.00,2.00,2.00,2.00,2.00,2.00,2.00,1.00,1.00,1.00,2.00,1.00,1.00,1.50,1.50,2.00,2.00,1.50,1.50,1.50,2.00,2.00,1.00,1.00,1.00,1.00,2.00,1.50,1.00,1.50,1.00,1.50,1.00,1.00,1.00,1.00,1.00,1.00,1.00,1.00,1.00,1.00,1.00,1.00,1.00,1.00,0.95,1.79,1.28,2.87,1.11,0.00,0.00,2.00,1.00,0.00,1.00,0.00,0.00,0.00
"Independent_Artists,_Writers,_and_Performers",2.00,2.00,2.00,2.00,2.00,2.00,2.00,2.00,2.00,2.00,1.50,2.00,2.00,2.00,2.00,1.50,2.00,2.00,2.00,2.00,2.00,2.00,2.00,2.00,2.00,2.00,2.00,2.00,2.00,2.00,2.00,2.00,2.00,1.00,1.00,1.00,2.00,1.00,1.00,1.50,1.50,2.00,2.00,1.50,1.50,1.50,2.00,2.00,1.00,1.00,1.00,1.00,2.00,1.50,1.00,1.50,1.00,1.50,1.00,1.00,1.00,1.00,1.00,1.00,1.00,1.00,1.00,1.00,1.00,1.00,1.00,1.00,0.95,1.79,1.28,2.87,1.11,0.00,0.00,2.00,1.00,0.00,1.00,0.00,0.00,0.00
"Other_Performing_Arts,_Spectator_Sports,_Museums,_and_Related_Activities",2.00,2.00,2.00,2.00,2.00,2.00,2.00,2.00,2.00,2.00,1.50,2.00,2.00,2.00,2.00,1.50,2.00,2.00,2.00,2.00,2.00,2.00,2.00,2.00,2.00,2.00,2.00,2.00,2.00,2.00,2.00,2.00,2.00,1.00,1.00,1.00,2.00,1.00,1.00,1.50,1.50,2.00,2.00,1.50,1.50,1.50,2.00,2.00,1.00,1.00,1.00,1.00,2.00,1.50,1.00,1.50,1.00,1.50,1.00,1.00,1.00,1.00,1.00,1.00,1.00,1.00,1.00,1.00,1.00,1.00,1.00,1.00,1.00,1.00,1.00,1.00,1.00,0.00,0.00,2.00,1.00,0.00,1.00,0.00,0.00,0.00
Amusement_Parks,2.00,2.00,2.00,2.00,2.00,2.00,2.00,2.00,2.00,2.00,1.50,2.00,2.00,2.00,2.00,1.50,2.00,2.00,2.00,2.00,2.00,2.00,2.00,2.00,2.00,2.00,2.00,2.00,2.00,2.00,2.00,2.00,2.00,1.00,1.00,1.00,2.00,1.00,1.00,1.50,1.50,2.00,2.00,1.50,1.50,1.50,2.00,2.00,1.00,1.00,1.00,2.00,2.00,1.50,1.00,1.50,1.00,2.00,1.00,1.00,1.00,1.00,1.00,1.00,1.00,1.00,1.00,1.00,1.00,1.00,1.00,1.00,0.95,1.79,1.28,2.87,1.11,0.00,0.00,2.00,1.00,0.00,1.00,0.00,0.00,0.00
Gambling_and_Bowling,2.00,2.00,2.00,2.00,2.00,2.00,2.00,2.00,2.00,2.00,1.50,2.00,2.00,2.00,2.00,1.50,2.00,2.00,2.00,2.00,2.00,2.00,2.00,2.00,2.00,2.00,2.00,2.00,2.00,2.00,2.00,2.00,2.00,1.00,1.00,1.00,2.00,1.00,1.00,1.50,1.50,2.00,2.00,1.50,1.50,1.50,2.00,2.00,1.00,1.00,1.00,1.00,2.00,1.50,1.00,1.50,1.00,2.00,1.00,1.00,1.00,1.00,1.00,1.00,1.00,1.00,1.00,1.00,1.00,1.00,1.00,1.00,0.95,1.79,1.28,2.87,1.11,0.00,0.00,2.00,1.00,0.00,1.00,0.00,0.00,0.00
Other_Recreation_Services,2.00,2.00,2.00,2.00,2.00,2.00,2.00,2.00,2.00,2.00,1.50,2.00,2.00,2.00,2.00,1.50,2.00,2.00,2.00,2.00,2.00,2.00,2.00,2.00,2.00,2.00,2.00,2.00,2.00,2.00,2.00,2.00,2.00,1.00,1.00,1.00,2.00,1.00,1.00,1.50,1.50,2.00,2.00,1.50,1.50,1.50,2.00,2.00,1.00,1.00,1.00,1.00,2.00,1.50,1.00,1.50,1.00,1.50,1.00,1.00,1.00,1.00,1.00,1.00,1.00,1.00,1.00,1.00,1.00,1.00,1.00,1.00,0.95,1.79,1.28,2.87,1.11,0.00,0.00,2.00,1.00,0.00,1.00,0.00,0.00,0.00
Accomodation,2.00,2.00,2.00,2.00,2.00,2.00,2.00,2.00,2.00,2.00,1.50,2.00,2.00,2.00,2.00,1.50,2.00,2.00,2.00,2.00,2.00,2.00,2.00,2.00,2.00,2.00,2.00,2.00,2.00,2.00,2.00,2.00,2.00,1.00,1.00,1.00,2.00,1.00,1.00,1.50,1.50,2.00,2.00,1.50,1.50,1.50,2.00,2.00,1.00,1.00,1.00,1.00,2.00,1.50,1.00,1.50,1.00,1.50,1.00,1.00,1.00,1.00,1.00,1.00,1.00,1.00,1.00,1.00,1.00,1.00,1.00,1.00,0.95,1.79,1.28,2.87,1.11,0.00,0.00,2.00,1.00,0.00,1.00,0.00,0.00,0.00
Food_Services_and_Drinking_Places,2.00,2.00,2.00,2.00,2.00,2.00,2.00,2.00,2.00,2.00,1.50,2.00,2.00,2.00,2.00,1.50,2.00,2.00,2.00,2.00,2.00,2.00,2.00,2.00,2.00,2.00,2.00,2.00,2.00,2.00,2.00,2.00,2.00,1.00,1.00,1.00,2.00,1.00,1.00,1.50,1.50,2.00,2.00,1.50,1.50,1.50,2.00,2.00,1.00,1.00,1.00,1.00,2.00,1.50,1.00,1.50,1.00,1.50,1.00,1.00,1.00,1.00,1.00,1.00,1.00,1.00,1.00,1.00,1.00,1.00,1.00,1.00,0.95,1.79,1.28,2.87,1.11,0.00,0.00,2.00,1.00,0.00,1.00,0.00,0.00,0.00
Other_Services_(Except_Public_Administration),2.00,2.00,2.00,2.00,2.00,2.00,2.00,2.00,2.00,2.00,1.50,2.00,2.00,2.00,2.00,1.50,2.00,2.00,2.00,2.00,2.00,2.00,2.00,2.00,2.00,2.00,2.00,2.00,2.00,2.00,2.00,2.00,2.00,1.00,1.00,1.00,2.00,1.00,1.00,1.50,1.50,2.00,2.00,1.50,1.50,1.50,2.00,2.00,1.00,1.00,1.00,1.00,2.00,1.50,1.00,1.50,1.00,1.50,1.00,1.00,1.00,1.00,1.00,1.00,1.00,1.00,1.00,1.00,1.00,1.00,1.00,1.00,0.95,1.79,1.28,2.87,1.11,0.00,0.00,2.00,1.00,0.00,1.00,0.00,0.00,0.00
Owner-occupied_Housing,1.00,1.00,1.00,1.00,1.00,1.00,1.00,1.00,1.00,1.00,1.00,1.00,1.00,1.00,1.00,1.00,1.00,1.00,1.00,1.00,1.00,1.00,1.00,1.00,1.00,1.00,1.00,1.00,1.00,1.00,1.00,1.00,1.00,1.00,1.00,1.00,1.00,1.00,1.00,1.00,1.00,1.00,1.00,1.00,1.00,1.00,1.00,1.00,1.00,1.00,1.00,1.00,1.00,1.00,1.00,1.00,1.00,1.00,1.00,1.00,1.00,1.00,1.00,1.00,1.00,1.00,1.00,1.00,1.00,1.00,1.00,1.00,1.00,1.00,1.00,1.00,1.00,1.00,1.00,1.00,1.00,0.00,1.00,1.00,1.00,1.00
