Recovery period,Default value for industry,Computers and peripheral equipment,Communication equipment,Nonelectronic medical instruments,Electronic medical instruments,Nonmedical instruments,Photocopy and related equipment,Office and accounting equipment,Nuclear fuel,Other fabricated metal products,Steam engines,Internal combustion engines,Metalworking machinery,"Special industrial machinery, n.e.c.",General industrial equipment,"Electric transmission, distribution and industrial apparatus",Light trucks (including utility vehicles),"Other trucks, buses, and truck trailers",Autos,Aircraft,Ships and boats,Railroad equipment,Household furniture,Other furniture and fixtures,Other agricultural machinery,Farm tractors,Other construction machinery,Construction tractors,Mining and oilfield machinery,Service industry machinery,Household appliances,"Other electrical equipment, n.e.c",Other nonresidential equipment,Office and medical buildings,Hospitals and special care facilities,Warehouses,Mobile structures,Other commercial buildings,Manufacturing buildings,Regulated electric power structures,Unregulated electric power structures,Regulated wind and solar power structures,Unregulated wind and solar power structures,Gas power structures,Petroleum pipelines,Communication structures,Depreciable petroleum and natural gas structures,Depreciable mining structures,Religious buildings,Educational and vocational buildings,Lodging buildings,Amusement and recreation buildings,Track replacement,Other railroad structures,Other transportation structures,Farm buildings,Water supply and sewer and waste disposal facilities,"Public safety, highways, conservation, and development",Oil and gas exploration (geological and geophysical)--integrated,Oil and gas exploration (geological and geophysical)--independent,Oil and gas development (intangible drilling costs)--integrated,Oil and gas development (intangible drilling costs)--independent,Other mineral exploration--C corps,Other mineral exploration--pass-throughs,Other mineral development--C corps,Other mineral development--pass-throughs,Prepackaged software,Custom software,Credit-eligible own account software,Other own-account software,Credit-eligible research and development,Other research and development,Theatrical movies,Long-lived television programs,Books,Music,Other entertainment originals,Reserved for non-BEA intangibles,Reserved for non-BEA intangibles,Residential equipment,Residential buildings,Inventories,Land,Reserved for non-BEA natural resources,Reserved for non-BEA natural resources,Reserved for non-BEA natural resources
Default value for type of asset,,5.0,7.0,,,,5.0,5.0,5.0,,15.0,,,,,15.0,5.0,5.0,5.0,5.0,10.0,7.0,,7.0,,,,,,,,,,39.0,39.0,39.0,7.0,39.0,39.0,20.0,20.0,5.0,5.0,20.0,15.0,15.0,7.0,7.0,39.0,39.0,39.0,39.0,7.0,20.0,39.0,20.0,25.0,15.0,7.0,2.0,5.0,1.0,10.0,10.0,5.0,1.0,3.0,3.0,5.0,5.0,5.0,5.0,10.0,10.0,10.0,10.0,10.0,,,5.0,27.5,0.0,100000.0,,,
Farms,5.0,5.0,7.0,5.0,5.0,5.0,5.0,5.0,5.0,5.0,15.0,5.0,5.0,5.0,5.0,15.0,5.0,5.0,5.0,5.0,10.0,7.0,5.0,7.0,5.0,5.0,5.0,5.0,5.0,5.0,5.0,5.0,5.0,39.0,39.0,39.0,7.0,39.0,39.0,20.0,20.0,5.0,5.0,20.0,15.0,15.0,7.0,7.0,39.0,39.0,39.0,39.0,7.0,20.0,39.0,20.0,25.0,15.0,7.0,2.0,5.0,1.0,10.0,10.0,5.0,1.0,3.0,3.0,5.0,5.0,5.0,5.0,10.0,10.0,10.0,10.0,10.0,0.0,0.0,5.0,27.5,0.0,100000.0,0.0,0.0,0.0
"Forestry,_Fishing,_and_Related_Activites",7.0,5.0,7.0,7.0,7.0,7.0,5.0,5.0,5.0,7.0,15.0,7.0,7.0,7.0,7.0,15.0,5.0,5.0,5.0,5.0,10.0,7.0,7.0,7.0,7.0,7.0,7.0,7.0,7.0,7.0,7.0,7.0,7.0,39.0,39.0,39.0,7.0,39.0,39.0,20.0,20.0,5.0,5.0,20.0,15.0,15.0,7.0,7.0,39.0,39.0,39.0,39.0,7.0,20.0,39.0,20.0,25.0,15.0,7.0,2.0,5.0,1.0,10.0,10.0,5.0,1.0,3.0,3.0,5.0,5.0,5.0,5.0,10.0,10.0,10.0,10.0,10.0,0.0,0.0,5.0,27.5,0.0,100000.0,0.0,0.0,0.0
Oil_and_Gas_Extraction,7.0,5.0,7.0,7.0,7.0,7.0,5.0,5.0,5.0,7.0,15.0,7.0,7.0,7.0,7.0,15.0,5.0,5.0,5.0,5.0,10.0,7.0,7.0,7.0,7.0,7.0,7.0,7.0,7.0,7.0,7.0,7.0,7.0,39.0,39.0,39.0,7.0,39.0,39.0,20.0,20.0,5.0,5.0,20.0,7.0,15.0,7.0,7.0,39.0,39.0,39.0,39.0,7.0,20.0,39.0,20.0,25.0,15.0,7.0,2.0,5.0,1.0,10.0,10.0,5.0,1.0,3.0,3.0,5.0,5.0,5.0,5.0,10.0,10.0,10.0,10.0,10.0,0.0,0.0,5.0,27.5,0.0,100000.0,0.0,0.0,0.0
Mining_(Except_Oil_and_Gas),7.0,5.0,7.0,7.0,7.0,7.0,5.0,5.0,5.0,7.0,15.0,7.0,7.0,7.0,7.0,15.0,5.0,5.0,5.0,5.0,10.0,7.0,7.0,7.0,7.0,7.0,7.0,7.0,7.0,7.0,7.0,7.0,7.0,39.0,39.0,39.0,7.0,39.0,39.0,20.0,20.0,5.0,5.0,20.0,15.0,15.0,7.0,7.0,39.0,39.0,39.0,39.0,7.0,20.0,39.0,20.0,25.0,15.0,7.0,2.0,5.0,1.0,10.0,10.0,5.0,1.0,3.0,3.0,5.0,5.0,5.0,5.0,10.0,10.0,10.0,10.0,10.0,0.0,0.0,5.0,27.5,0.0,100000.0,0.0,0.0,0.0
Support_Activities_For_Mining,5.0,5.0,7.0,5.0,5.0,5.0,5.0,5.0,5.0,5.0,15.0,5.0,5.0,5.0,5.0,15.0,5.0,5.0,5.0,5.0,5.0,7.0,5.0,7.0,5.0,5.0,5.0,5.0,5.0,5.0,5.0,5.0,5.0,39.0,39.0,39.0,7.0,39.0,39.0,5.0,5.0,5.0,5.0,5.0,5.0,15.0,5.0,5.0,39.0,39.0,39.0,39.0,7.0,20.0,39.0,20.0,25.0,15.0,7.0,2.0,5.0,1.0,10.0,10.0,5.0,1.0,3.0,3.0,5.0,5.0,5.0,5.0,10.0,10.0,10.0,10.0,10.0,0.0,0.0,5.0,27.5,0.0,100000.0,0.0,0.0,0.0
Hydroelectric_Power_Generation,20.0,5.0,7.0,20.0,20.0,20.0,5.0,5.0,5.0,20.0,15.0,20.0,20.0,20.0,20.0,15.0,5.0,5.0,5.0,5.0,10.0,7.0,20.0,7.0,20.0,20.0,20.0,20.0,20.0,20.0,20.0,20.0,20.0,39.0,39.0,39.0,7.0,39.0,39.0,20.0,20.0,5.0,5.0,20.0,15.0,15.0,7.0,7.0,39.0,39.0,39.0,39.0,7.0,20.0,39.0,20.0,25.0,20.0,7.0,2.0,5.0,1.0,10.0,10.0,5.0,1.0,3.0,3.0,5.0,5.0,5.0,5.0,10.0,10.0,10.0,10.0,10.0,0.0,0.0,5.0,27.5,0.0,100000.0,0.0,0.0,0.0
Nuclear_Electric_Power_Generation,15.0,5.0,7.0,15.0,15.0,15.0,5.0,5.0,5.0,15.0,15.0,15.0,15.0,15.0,15.0,15.0,5.0,5.0,5.0,5.0,10.0,7.0,15.0,7.0,15.0,15.0,15.0,15.0,15.0,15.0,15.0,15.0,15.0,39.0,39.0,39.0,7.0,39.0,39.0,15.0,15.0,5.0,5.0,20.0,15.0,15.0,7.0,7.0,39.0,39.0,39.0,39.0,7.0,20.0,39.0,20.0,25.0,15.0,7.0,2.0,5.0,1.0,10.0,10.0,5.0,1.0,3.0,3.0,5.0,5.0,5.0,5.0,10.0,10.0,10.0,10.0,10.0,0.0,0.0,5.0,27.5,0.0,100000.0,0.0,0.0,0.0
"Fossil_Fuel_Electric_Power_Generation,_Steam_and_Combined_Cycle",20.0,5.0,7.0,20.0,20.0,20.0,5.0,5.0,5.0,20.0,15.0,20.0,20.0,20.0,20.0,15.0,5.0,5.0,5.0,5.0,10.0,7.0,20.0,7.0,20.0,20.0,20.0,20.0,20.0,20.0,20.0,20.0,20.0,39.0,39.0,39.0,7.0,39.0,39.0,20.0,20.0,5.0,5.0,20.0,15.0,15.0,7.0,7.0,39.0,39.0,39.0,39.0,7.0,20.0,39.0,20.0,25.0,20.0,7.0,2.0,5.0,1.0,10.0,10.0,5.0,1.0,3.0,3.0,5.0,5.0,5.0,5.0,10.0,10.0,10.0,10.0,10.0,0.0,0.0,5.0,27.5,0.0,100000.0,0.0,0.0,0.0
"Fossil_Fuel_Electric_Power_Generation,_Combustion",15.0,5.0,7.0,15.0,15.0,15.0,5.0,5.0,5.0,15.0,15.0,15.0,15.0,15.0,15.0,15.0,5.0,5.0,5.0,5.0,10.0,7.0,15.0,7.0,15.0,15.0,15.0,15.0,15.0,15.0,15.0,15.0,15.0,39.0,39.0,39.0,7.0,39.0,39.0,15.0,15.0,5.0,5.0,20.0,15.0,15.0,7.0,7.0,39.0,39.0,39.0,39.0,7.0,20.0,39.0,20.0,25.0,15.0,7.0,2.0,5.0,1.0,10.0,10.0,5.0,1.0,3.0,3.0,5.0,5.0,5.0,5.0,10.0,10.0,10.0,10.0,10.0,0.0,0.0,5.0,27.5,0.0,100000.0,0.0,0.0,0.0
Other_Electric_Power_Generation,7.0,5.0,7.0,7.0,7.0,7.0,5.0,5.0,5.0,7.0,15.0,7.0,7.0,7.0,7.0,15.0,5.0,5.0,5.0,5.0,10.0,7.0,7.0,7.0,7.0,7.0,7.0,7.0,7.0,7.0,7.0,7.0,7.0,39.0,39.0,39.0,7.0,39.0,39.0,20.0,20.0,5.0,5.0,20.0,15.0,15.0,7.0,7.0,39.0,39.0,39.0,39.0,7.0,20.0,39.0,20.0,25.0,15.0,7.0,2.0,5.0,1.0,10.0,10.0,5.0,1.0,3.0,3.0,5.0,5.0,5.0,5.0,10.0,10.0,10.0,10.0,10.0,0.0,0.0,5.0,27.5,0.0,100000.0,0.0,0.0,0.0
Electric_Power_Transmission_and_Distribution,20.0,5.0,7.0,20.0,20.0,20.0,5.0,5.0,5.0,20.0,15.0,20.0,20.0,20.0,20.0,20.0,5.0,5.0,5.0,5.0,10.0,7.0,20.0,7.0,20.0,20.0,20.0,20.0,20.0,20.0,20.0,20.0,20.0,39.0,39.0,39.0,7.0,39.0,39.0,20.0,20.0,5.0,5.0,20.0,15.0,15.0,7.0,7.0,39.0,39.0,39.0,39.0,7.0,20.0,39.0,20.0,25.0,20.0,7.0,2.0,5.0,1.0,10.0,10.0,5.0,1.0,3.0,3.0,5.0,5.0,5.0,5.0,10.0,10.0,10.0,10.0,10.0,0.0,0.0,5.0,27.5,0.0,100000.0,0.0,0.0,0.0
Natural_Gas_Distribution_and_Transmission,20.0,5.0,7.0,20.0,20.0,20.0,5.0,5.0,5.0,20.0,15.0,20.0,20.0,20.0,20.0,15.0,5.0,5.0,5.0,5.0,10.0,7.0,20.0,7.0,20.0,20.0,20.0,20.0,20.0,20.0,20.0,20.0,20.0,39.0,39.0,39.0,7.0,39.0,39.0,20.0,20.0,5.0,5.0,20.0,15.0,15.0,7.0,7.0,39.0,39.0,39.0,39.0,7.0,20.0,39.0,20.0,25.0,20.0,7.0,2.0,5.0,1.0,10.0,10.0,5.0,1.0,3.0,3.0,5.0,5.0,5.0,5.0,10.0,10.0,10.0,10.0,10.0,0.0,0.0,5.0,27.5,0.0,100000.0,0.0,0.0,0.0
Water_and_Sewer_Systems,25.0,5.0,7.0,25.0,25.0,25.0,5.0,5.0,5.0,25.0,15.0,25.0,25.0,25.0,25.0,15.0,5.0,5.0,5.0,5.0,10.0,7.0,25.0,7.0,25.0,25.0,25.0,25.0,25.0,25.0,25.0,25.0,25.0,39.0,39.0,39.0,7.0,39.0,39.0,20.0,20.0,5.0,5.0,20.0,15.0,15.0,7.0,7.0,39.0,39.0,39.0,39.0,7.0,20.0,39.0,20.0,25.0,25.0,7.0,2.0,5.0,1.0,10.0,10.0,5.0,1.0,3.0,3.0,5.0,5.0,5.0,5.0,10.0,10.0,10.0,10.0,10.0,0.0,0.0,5.0,27.5,0.0,100000.0,0.0,0.0,0.0
Construction,5.0,5.0,7.0,5.0,5.0,5.0,5.0,5.0,5.0,5.0,15.0,5.0,5.0,5.0,5.0,15.0,5.0,5.0,5.0,5.0,10.0,7.0,5.0,7.0,5.0,5.0,5.0,5.0,5.0,5.0,5.0,5.0,5.0,39.0,39.0,39.0,7.0,39.0,39.0,20.0,20.0,5.0,5.0,20.0,15.0,15.0,7.0,7.0,39.0,39.0,39.0,39.0,7.0,20.0,39.0,20.0,25.0,15.0,7.0,2.0,5.0,1.0,10.0,10.0,5.0,1.0,3.0,3.0,5.0,5.0,5.0,5.0,10.0,10.0,10.0,10.0,10.0,0.0,0.0,5.0,27.5,0.0,100000.0,0.0,0.0,0.0
"Grain,_Sugar,_and_Vegetable_Oil_Products_Manufacturing",10.0,5.0,7.0,10.0,10.0,10.0,5.0,5.0,5.0,10.0,15.0,10.0,10.0,3.0,10.0,15.0,5.0,5.0,5.0,5.0,10.0,7.0,10.0,7.0,10.0,10.0,10.0,10.0,10.0,10.0,10.0,10.0,10.0,39.0,39.0,39.0,7.0,39.0,39.0,20.0,20.0,5.0,5.0,20.0,15.0,15.0,7.0,7.0,39.0,39.0,39.0,39.0,7.0,20.0,39.0,20.0,25.0,15.0,7.0,2.0,5.0,1.0,10.0,10.0,5.0,1.0,3.0,3.0,5.0,5.0,5.0,5.0,10.0,10.0,10.0,10.0,10.0,0.0,0.0,5.0,27.5,0.0,100000.0,0.0,0.0,0.0
Other_Food_Products_Manufacturing,7.0,5.0,7.0,7.0,7.0,7.0,5.0,5.0,5.0,7.0,15.0,7.0,7.0,3.0,7.0,15.0,5.0,5.0,5.0,5.0,10.0,7.0,7.0,7.0,7.0,7.0,7.0,7.0,7.0,7.0,7.0,7.0,7.0,39.0,39.0,39.0,7.0,39.0,39.0,20.0,20.0,5.0,5.0,20.0,15.0,15.0,7.0,7.0,39.0,39.0,39.0,39.0,7.0,20.0,39.0,20.0,25.0,15.0,7.0,2.0,5.0,1.0,10.0,10.0,5.0,1.0,3.0,3.0,5.0,5.0,5.0,5.0,10.0,10.0,10.0,10.0,10.0,0.0,0.0,5.0,27.5,0.0,100000.0,0.0,0.0,0.0
Beverage_and_Tobacco_Products_Manufacturing,7.0,5.0,7.0,7.0,7.0,7.0,5.0,5.0,5.0,7.0,15.0,7.0,7.0,3.0,7.0,15.0,5.0,5.0,5.0,5.0,10.0,7.0,7.0,7.0,7.0,7.0,7.0,7.0,7.0,7.0,7.0,7.0,7.0,39.0,39.0,39.0,7.0,39.0,39.0,20.0,20.0,5.0,5.0,20.0,15.0,15.0,7.0,7.0,39.0,39.0,39.0,39.0,7.0,20.0,39.0,20.0,25.0,15.0,7.0,2.0,5.0,1.0,10.0,10.0,5.0,1.0,3.0,3.0,5.0,5.0,5.0,5.0,10.0,10.0,10.0,10.0,10.0,0.0,0.0,5.0,27.5,0.0,100000.0,0.0,0.0,0.0
"Knitted_Goods,_Carpets,_and_Textile_Finishing_Manufacturing",5.0,5.0,7.0,5.0,5.0,5.0,5.0,5.0,5.0,5.0,15.0,5.0,5.0,5.0,5.0,15.0,5.0,5.0,5.0,5.0,10.0,7.0,5.0,7.0,5.0,5.0,5.0,5.0,5.0,5.0,5.0,5.0,5.0,39.0,39.0,39.0,7.0,39.0,39.0,20.0,20.0,5.0,5.0,20.0,15.0,15.0,7.0,7.0,39.0,39.0,39.0,39.0,7.0,20.0,39.0,20.0,25.0,15.0,7.0,2.0,5.0,1.0,10.0,10.0,5.0,1.0,3.0,3.0,5.0,5.0,5.0,5.0,10.0,10.0,10.0,10.0,10.0,0.0,0.0,5.0,27.5,0.0,100000.0,0.0,0.0,0.0
Other_Textile_and_Textile_Product_Mills,7.0,5.0,7.0,7.0,7.0,7.0,5.0,5.0,5.0,7.0,15.0,7.0,7.0,7.0,7.0,15.0,5.0,5.0,5.0,5.0,10.0,7.0,7.0,7.0,7.0,7.0,7.0,7.0,7.0,7.0,7.0,7.0,7.0,39.0,39.0,39.0,7.0,39.0,39.0,20.0,20.0,5.0,5.0,20.0,15.0,15.0,7.0,7.0,39.0,39.0,39.0,39.0,7.0,20.0,39.0,20.0,25.0,15.0,7.0,2.0,5.0,1.0,10.0,10.0,5.0,1.0,3.0,3.0,5.0,5.0,5.0,5.0,10.0,10.0,10.0,10.0,10.0,0.0,0.0,5.0,27.5,0.0,100000.0,0.0,0.0,0.0
Apparel_Manufacturing,5.0,5.0,7.0,5.0,5.0,5.0,5.0,5.0,5.0,5.0,15.0,5.0,5.0,5.0,5.0,15.0,5.0,5.0,5.0,5.0,10.0,7.0,5.0,7.0,5.0,5.0,5.0,5.0,5.0,5.0,5.0,5.0,5.0,39.0,39.0,39.0,7.0,39.0,39.0,20.0,20.0,5.0,5.0,20.0,15.0,15.0,7.0,7.0,39.0,39.0,39.0,39.0,7.0,20.0,39.0,20.0,25.0,15.0,7.0,2.0,5.0,1.0,10.0,10.0,5.0,1.0,3.0,3.0,5.0,5.0,5.0,5.0,10.0,10.0,10.0,10.0,10.0,0.0,0.0,5.0,27.5,0.0,100000.0,0.0,0.0,0.0
Leather_and_Allied_Products_Manufacturing,7.0,5.0,7.0,7.0,7.0,7.0,5.0,5.0,5.0,7.0,15.0,7.0,7.0,7.0,7.0,15.0,5.0,5.0,5.0,5.0,10.0,7.0,7.0,7.0,7.0,7.0,7.0,7.0,7.0,7.0,7.0,7.0,7.0,39.0,39.0,39.0,7.0,39.0,39.0,20.0,20.0,5.0,5.0,20.0,15.0,15.0,7.0,7.0,39.0,39.0,39.0,39.0,7.0,20.0,39.0,20.0,25.0,15.0,7.0,2.0,5.0,1.0,10.0,10.0,5.0,1.0,3.0,3.0,5.0,5.0,5.0,5.0,10.0,10.0,10.0,10.0,10.0,0.0,0.0,5.0,27.5,0.0,100000.0,0.0,0.0,0.0
Wood_Product_Manufacturing,7.0,5.0,7.0,7.0,7.0,7.0,5.0,5.0,5.0,7.0,15.0,7.0,7.0,7.0,7.0,15.0,5.0,5.0,5.0,5.0,10.0,7.0,7.0,7.0,7.0,7.0,7.0,7.0,7.0,7.0,7.0,7.0,7.0,39.0,39.0,39.0,7.0,39.0,39.0,20.0,20.0,5.0,5.0,20.0,15.0,15.0,7.0,7.0,39.0,39.0,39.0,39.0,7.0,20.0,39.0,20.0,25.0,15.0,7.0,2.0,5.0,1.0,10.0,10.0,5.0,1.0,3.0,3.0,5.0,5.0,5.0,5.0,10.0,10.0,10.0,10.0,10.0,0.0,0.0,5.0,27.5,0.0,100000.0,0.0,0.0,0.0
Paper_Manufacturing,7.0,5.0,7.0,7.0,7.0,7.0,5.0,5.0,5.0,7.0,15.0,7.0,7.0,7.0,7.0,15.0,5.0,5.0,5.0,5.0,10.0,7.0,7.0,7.0,7.0,7.0,7.0,7.0,7.0,7.0,7.0,7.0,7.0,39.0,39.0,39.0,7.0,39.0,39.0,20.0,20.0,5.0,5.0,20.0,15.0,15.0,7.0,7.0,39.0,39.0,39.0,39.0,7.0,20.0,39.0,20.0,25.0,7.0,7.0,2.0,5.0,1.0,10.0,10.0,5.0,1.0,3.0,3.0,5.0,5.0,5.0,5.0,10.0,10.0,10.0,10.0,10.0,0.0,0.0,5.0,27.5,0.0,100000.0,0.0,0.0,0.0
Printing_and_Related_Support_Activities,7.0,5.0,7.0,7.0,7.0,7.0,5.0,5.0,5.0,7.0,15.0,7.0,7.0,7.0,7.0,15.0,5.0,5.0,5.0,5.0,10.0,7.0,7.0,7.0,7.0,7.0,7.0,7.0,7.0,7.0,7.0,7.0,7.0,39.0,39.0,39.0,7.0,39.0,39.0,20.0,20.0,5.0,5.0,20.0,15.0,15.0,7.0,7.0,39.0,39.0,39.0,39.0,7.0,20.0,39.0,20.0,25.0,15.0,7.0,2.0,5.0,1.0,10.0,10.0,5.0,1.0,3.0,3.0,5.0,5.0,5.0,5.0,10.0,10.0,10.0,10.0,10.0,0.0,0.0,5.0,27.5,0.0,100000.0,0.0,0.0,0.0
Petroleum_Refining,10.0,5.0,7.0,10.0,10.0,10.0,5.0,5.0,5.0,10.0,15.0,10.0,10.0,10.0,10.0,15.0,5.0,5.0,5.0,5.0,10.0,7.0,10.0,7.0,10.0,10.0,10.0,10.0,10.0,10.0,10.0,10.0,10.0,39.0,39.0,39.0,7.0,39.0,39.0,20.0,20.0,5.0,5.0,20.0,15.0,15.0,7.0,7.0,39.0,39.0,39.0,39.0,7.0,20.0,39.0,20.0,25.0,15.0,7.0,2.0,5.0,1.0,10.0,10.0,5.0,1.0,3.0,3.0,5.0,5.0,5.0,5.0,10.0,10.0,10.0,10.0,10.0,0.0,0.0,5.0,27.5,0.0,100000.0,0.0,0.0,0.0
Other_Petroleum_and_Coal_Products_Manufacturing,7.0,5.0,7.0,7.0,7.0,7.0,5.0,5.0,5.0,7.0,15.0,7.0,7.0,7.0,7.0,15.0,5.0,5.0,5.0,5.0,10.0,7.0,7.0,7.0,7.0,7.0,7.0,7.0,7.0,7.0,7.0,7.0,7.0,39.0,39.0,39.0,7.0,39.0,39.0,20.0,20.0,5.0,5.0,20.0,15.0,15.0,7.0,7.0,39.0,39.0,39.0,39.0,7.0,20.0,39.0,20.0,25.0,15.0,7.0,2.0,5.0,1.0,10.0,10.0,5.0,1.0,3.0,3.0,5.0,5.0,5.0,5.0,10.0,10.0,10.0,10.0,10.0,0.0,0.0,5.0,27.5,0.0,100000.0,0.0,0.0,0.0
Chemical_Manufacturing,5.0,5.0,7.0,5.0,5.0,5.0,5.0,5.0,5.0,5.0,15.0,5.0,5.0,5.0,5.0,15.0,5.0,5.0,5.0,5.0,10.0,7.0,5.0,7.0,5.0,5.0,5.0,5.0,5.0,5.0,5.0,5.0,5.0,39.0,39.0,39.0,7.0,39.0,39.0,20.0,20.0,5.0,5.0,20.0,15.0,15.0,7.0,7.0,39.0,39.0,39.0,39.0,7.0,20.0,39.0,20.0,25.0,5.0,7.0,2.0,5.0,1.0,10.0,10.0,5.0,1.0,3.0,3.0,5.0,5.0,5.0,5.0,10.0,10.0,10.0,10.0,10.0,0.0,0.0,5.0,27.5,0.0,100000.0,0.0,0.0,0.0
Plastics_and_Rubber_Products_Manufacturing,7.0,5.0,7.0,7.0,7.0,7.0,5.0,5.0,5.0,7.0,15.0,7.0,7.0,3.0,7.0,15.0,5.0,5.0,5.0,5.0,10.0,7.0,7.0,7.0,7.0,7.0,7.0,7.0,7.0,7.0,7.0,7.0,7.0,39.0,39.0,39.0,7.0,39.0,39.0,20.0,20.0,5.0,5.0,20.0,15.0,15.0,7.0,7.0,39.0,39.0,39.0,39.0,7.0,20.0,39.0,20.0,25.0,15.0,7.0,2.0,5.0,1.0,10.0,10.0,5.0,1.0,3.0,3.0,5.0,5.0,5.0,5.0,10.0,10.0,10.0,10.0,10.0,0.0,0.0,5.0,27.5,0.0,100000.0,0.0,0.0,0.0
Glass_Products_Manufacturing,7.0,5.0,7.0,7.0,7.0,7.0,5.0,5.0,5.0,7.0,15.0,7.0,7.0,3.0,7.0,15.0,5.0,5.0,5.0,5.0,10.0,7.0,7.0,7.0,7.0,7.0,7.0,7.0,7.0,7.0,7.0,7.0,7.0,39.0,39.0,39.0,7.0,39.0,39.0,20.0,20.0,5.0,5.0,20.0,15.0,15.0,7.0,7.0,39.0,39.0,39.0,39.0,7.0,20.0,39.0,20.0,25.0,15.0,7.0,2.0,5.0,1.0,10.0,10.0,5.0,1.0,3.0,3.0,5.0,5.0,5.0,5.0,10.0,10.0,10.0,10.0,10.0,0.0,0.0,5.0,27.5,0.0,100000.0,0.0,0.0,0.0
Cement_Manufacturing,15.0,5.0,7.0,15.0,15.0,15.0,5.0,5.0,5.0,15.0,15.0,15.0,15.0,15.0,15.0,15.0,5.0,5.0,5.0,5.0,10.0,7.0,15.0,7.0,15.0,15.0,15.0,15.0,15.0,15.0,15.0,15.0,15.0,39.0,39.0,39.0,7.0,39.0,39.0,20.0,20.0,5.0,5.0,20.0,15.0,15.0,7.0,7.0,39.0,39.0,39.0,39.0,7.0,20.0,39.0,20.0,25.0,15.0,7.0,2.0,5.0,1.0,10.0,10.0,5.0,1.0,3.0,3.0,5.0,5.0,5.0,5.0,10.0,10.0,10.0,10.0,10.0,0.0,0.0,5.0,27.5,0.0,100000.0,0.0,0.0,0.0
Other_Nonmetalic_Mineral_Products_Manufacturing,7.0,5.0,7.0,7.0,7.0,7.0,5.0,5.0,5.0,7.0,15.0,7.0,7.0,7.0,7.0,15.0,5.0,5.0,5.0,5.0,10.0,7.0,7.0,7.0,7.0,7.0,7.0,7.0,7.0,7.0,7.0,7.0,7.0,39.0,39.0,39.0,7.0,39.0,39.0,20.0,20.0,5.0,5.0,20.0,15.0,15.0,7.0,7.0,39.0,39.0,39.0,39.0,7.0,20.0,39.0,20.0,25.0,15.0,7.0,2.0,5.0,1.0,10.0,10.0,5.0,1.0,3.0,3.0,5.0,5.0,5.0,5.0,10.0,10.0,10.0,10.0,10.0,0.0,0.0,5.0,27.5,0.0,100000.0,0.0,0.0,0.0
Primary_Ferrous_Metal_Manufacturing,7.0,5.0,7.0,7.0,7.0,7.0,5.0,5.0,5.0,7.0,15.0,7.0,7.0,7.0,7.0,15.0,5.0,5.0,5.0,5.0,10.0,7.0,7.0,7.0,7.0,7.0,7.0,7.0,7.0,7.0,7.0,7.0,7.0,39.0,39.0,39.0,7.0,39.0,39.0,20.0,20.0,5.0,5.0,20.0,15.0,15.0,7.0,7.0,39.0,39.0,39.0,39.0,7.0,20.0,39.0,20.0,25.0,7.0,7.0,2.0,5.0,1.0,10.0,10.0,5.0,1.0,3.0,3.0,5.0,5.0,5.0,5.0,10.0,10.0,10.0,10.0,10.0,0.0,0.0,5.0,27.5,0.0,100000.0,0.0,0.0,0.0
Primary_Nonferrous_Metal_Manufacturing,7.0,5.0,7.0,7.0,7.0,7.0,5.0,5.0,5.0,7.0,15.0,7.0,7.0,5.0,7.0,15.0,5.0,5.0,5.0,5.0,10.0,7.0,7.0,7.0,7.0,7.0,7.0,7.0,7.0,7.0,7.0,7.0,7.0,39.0,39.0,39.0,7.0,39.0,39.0,20.0,20.0,5.0,5.0,20.0,15.0,15.0,7.0,7.0,39.0,39.0,39.0,39.0,7.0,20.0,39.0,20.0,25.0,15.0,7.0,2.0,5.0,1.0,10.0,10.0,5.0,1.0,3.0,3.0,5.0,5.0,5.0,5.0,10.0,10.0,10.0,10.0,10.0,0.0,0.0,5.0,27.5,0.0,100000.0,0.0,0.0,0.0
Fabricated_Metal_Product_Manufacturing,7.0,5.0,7.0,7.0,7.0,7.0,5.0,5.0,5.0,7.0,15.0,7.0,7.0,3.0,7.0,15.0,5.0,5.0,5.0,5.0,10.0,7.0,7.0,7.0,7.0,7.0,7.0,7.0,7.0,7.0,7.0,7.0,7.0,39.0,39.0,39.0,7.0,39.0,39.0,20.0,20.0,5.0,5.0,20.0,15.0,15.0,7.0,7.0,39.0,39.0,39.0,39.0,7.0,20.0,39.0,20.0,25.0,15.0,7.0,2.0,5.0,1.0,10.0,10.0,5.0,1.0,3.0,3.0,5.0,5.0,5.0,5.0,10.0,10.0,10.0,10.0,10.0,0.0,0.0,5.0,27.5,0.0,100000.0,0.0,0.0,0.0
Machinery_Manufacturing,7.0,5.0,7.0,7.0,7.0,7.0,5.0,5.0,5.0,7.0,15.0,7.0,7.0,7.0,7.0,15.0,5.0,5.0,5.0,5.0,10.0,7.0,7.0,7.0,7.0,7.0,7.0,7.0,7.0,7.0,7.0,7.0,7.0,39.0,39.0,39.0,7.0,39.0,39.0,20.0,20.0,5.0,5.0,20.0,15.0,15.0,7.0,7.0,39.0,39.0,39.0,39.0,7.0,20.0,39.0,20.0,25.0,15.0,7.0,2.0,5.0,1.0,10.0,10.0,5.0,1.0,3.0,3.0,5.0,5.0,5.0,5.0,10.0,10.0,10.0,10.0,10.0,0.0,0.0,5.0,27.5,0.0,100000.0,0.0,0.0,0.0
Computer_and_Electronic_Product_Manufacturing,5.0,5.0,7.0,5.0,5.0,5.0,5.0,5.0,5.0,5.0,15.0,5.0,5.0,5.0,5.0,15.0,5.0,5.0,5.0,5.0,10.0,7.0,5.0,7.0,5.0,5.0,5.0,5.0,5.0,5.0,5.0,5.0,5.0,39.0,39.0,39.0,7.0,39.0,39.0,20.0,20.0,5.0,5.0,20.0,15.0,15.0,7.0,7.0,39.0,39.0,39.0,39.0,7.0,20.0,39.0,20.0,25.0,15.0,7.0,2.0,5.0,1.0,10.0,10.0,5.0,1.0,3.0,3.0,5.0,5.0,5.0,5.0,10.0,10.0,10.0,10.0,10.0,0.0,0.0,5.0,27.5,0.0,100000.0,0.0,0.0,0.0
"Electrical_Equipment,_Appliances,_and_Components_Manufacturing",7.0,5.0,7.0,7.0,7.0,7.0,5.0,5.0,5.0,7.0,15.0,7.0,7.0,7.0,7.0,15.0,5.0,5.0,5.0,5.0,10.0,7.0,7.0,7.0,7.0,7.0,7.0,7.0,7.0,7.0,7.0,7.0,7.0,39.0,39.0,39.0,7.0,39.0,39.0,20.0,20.0,5.0,5.0,20.0,15.0,15.0,7.0,7.0,39.0,39.0,39.0,39.0,7.0,20.0,39.0,20.0,25.0,15.0,7.0,2.0,5.0,1.0,10.0,10.0,5.0,1.0,3.0,3.0,5.0,5.0,5.0,5.0,10.0,10.0,10.0,10.0,10.0,0.0,0.0,5.0,27.5,0.0,100000.0,0.0,0.0,0.0
Motor_Vehicle_and_Parts_Manufacturing,7.0,5.0,7.0,7.0,7.0,7.0,5.0,5.0,5.0,7.0,15.0,7.0,7.0,3.0,7.0,15.0,5.0,5.0,5.0,5.0,10.0,7.0,7.0,7.0,7.0,7.0,7.0,7.0,7.0,7.0,7.0,7.0,7.0,39.0,39.0,39.0,7.0,39.0,39.0,20.0,20.0,5.0,5.0,20.0,15.0,15.0,7.0,7.0,39.0,39.0,39.0,39.0,7.0,20.0,39.0,20.0,25.0,15.0,7.0,2.0,5.0,1.0,10.0,10.0,5.0,1.0,3.0,3.0,5.0,5.0,5.0,5.0,10.0,10.0,10.0,10.0,10.0,0.0,0.0,5.0,27.5,0.0,100000.0,0.0,0.0,0.0
Ships_and_Boats_Manufacturing,7.0,5.0,7.0,7.0,7.0,7.0,5.0,5.0,5.0,7.0,15.0,7.0,7.0,5.0,7.0,15.0,5.0,5.0,5.0,5.0,10.0,7.0,7.0,7.0,7.0,7.0,7.0,7.0,7.0,7.0,7.0,7.0,7.0,39.0,39.0,39.0,7.0,39.0,39.0,20.0,20.0,5.0,5.0,20.0,15.0,15.0,7.0,7.0,39.0,39.0,39.0,39.0,7.0,20.0,39.0,20.0,25.0,10.0,7.0,2.0,5.0,1.0,10.0,10.0,5.0,1.0,3.0,3.0,5.0,5.0,5.0,5.0,10.0,10.0,10.0,10.0,10.0,0.0,0.0,5.0,27.5,0.0,100000.0,0.0,0.0,0.0
Other_Transportation_Equipment_Manufacturing,7.0,5.0,7.0,7.0,7.0,7.0,5.0,5.0,5.0,7.0,15.0,7.0,7.0,7.0,7.0,15.0,5.0,5.0,5.0,5.0,10.0,7.0,7.0,7.0,7.0,7.0,7.0,7.0,7.0,7.0,7.0,7.0,7.0,39.0,39.0,39.0,7.0,39.0,39.0,20.0,20.0,5.0,5.0,20.0,15.0,15.0,7.0,7.0,39.0,39.0,39.0,39.0,7.0,20.0,39.0,20.0,25.0,15.0,7.0,2.0,5.0,1.0,10.0,10.0,5.0,1.0,3.0,3.0,5.0,5.0,5.0,5.0,10.0,10.0,10.0,10.0,10.0,0.0,0.0,5.0,27.5,0.0,100000.0,0.0,0.0,0.0
Furniture_and_Related_Products_Manufacturing,7.0,5.0,7.0,7.0,7.0,7.0,5.0,5.0,5.0,7.0,15.0,7.0,7.0,7.0,7.0,15.0,5.0,5.0,5.0,5.0,10.0,7.0,7.0,7.0,7.0,7.0,7.0,7.0,7.0,7.0,7.0,7.0,7.0,39.0,39.0,39.0,7.0,39.0,39.0,20.0,20.0,5.0,5.0,20.0,15.0,15.0,7.0,7.0,39.0,39.0,39.0,39.0,7.0,20.0,39.0,20.0,25.0,15.0,7.0,2.0,5.0,1.0,10.0,10.0,5.0,1.0,3.0,3.0,5.0,5.0,5.0,5.0,10.0,10.0,10.0,10.0,10.0,0.0,0.0,5.0,27.5,0.0,100000.0,0.0,0.0,0.0
Medical_and_Dental_Supplies_Manufacturing,5.0,5.0,7.0,5.0,5.0,5.0,5.0,5.0,5.0,5.0,15.0,5.0,5.0,5.0,5.0,15.0,5.0,5.0,5.0,5.0,10.0,7.0,5.0,7.0,5.0,5.0,5.0,5.0,5.0,5.0,5.0,5.0,5.0,39.0,39.0,39.0,7.0,39.0,39.0,20.0,20.0,5.0,5.0,20.0,15.0,15.0,7.0,7.0,39.0,39.0,39.0,39.0,7.0,20.0,39.0,20.0,25.0,15.0,7.0,2.0,5.0,1.0,10.0,10.0,5.0,1.0,3.0,3.0,5.0,5.0,5.0,5.0,10.0,10.0,10.0,10.0,10.0,0.0,0.0,5.0,27.5,0.0,100000.0,0.0,0.0,0.0
Other_Miscellaneous_Manufacturing,7.0,5.0,7.0,7.0,7.0,7.0,5.0,5.0,5.0,7.0,15.0,7.0,7.0,7.0,7.0,15.0,5.0,5.0,5.0,5.0,10.0,7.0,7.0,7.0,7.0,7.0,7.0,7.0,7.0,7.0,7.0,7.0,7.0,39.0,39.0,39.0,7.0,39.0,39.0,20.0,20.0,5.0,5.0,20.0,15.0,15.0,7.0,7.0,39.0,39.0,39.0,39.0,7.0,20.0,39.0,20.0,25.0,15.0,7.0,2.0,5.0,1.0,10.0,10.0,5.0,1.0,3.0,3.0,5.0,5.0,5.0,5.0,10.0,10.0,10.0,10.0,10.0,0.0,0.0,5.0,27.5,0.0,100000.0,0.0,0.0,0.0
Wholesale_Durable_Goods,5.0,5.0,7.0,5.0,5.0,5.0,5.0,5.0,5.0,5.0,15.0,5.0,5.0,5.0,5.0,15.0,5.0,5.0,5.0,5.0,10.0,7.0,5.0,7.0,5.0,5.0,5.0,5.0,5.0,5.0,5.0,5.0,5.0,39.0,39.0,39.0,7.0,39.0,39.0,20.0,20.0,5.0,5.0,20.0,15.0,15.0,7.0,7.0,39.0,39.0,39.0,39.0,7.0,20.0,39.0,20.0,25.0,15.0,7.0,2.0,5.0,1.0,10.0,10.0,5.0,1.0,3.0,3.0,5.0,5.0,5.0,5.0,10.0,10.0,10.0,10.0,10.0,0.0,0.0,5.0,27.5,0.0,100000.0,0.0,0.0,0.0
Wholesale_Nondurable_Goods,5.0,5.0,7.0,5.0,5.0,5.0,5.0,5.0,5.0,5.0,15.0,5.0,5.0,5.0,5.0,15.0,5.0,5.0,5.0,5.0,10.0,7.0,5.0,7.0,5.0,5.0,5.0,5.0,5.0,5.0,5.0,5.0,5.0,39.0,39.0,39.0,7.0,39.0,39.0,20.0,20.0,5.0,5.0,20.0,15.0,15.0,7.0,7.0,39.0,39.0,39.0,39.0,7.0,20.0,39.0,20.0,25.0,15.0,7.0,2.0,5.0,1.0,10.0,10.0,5.0,1.0,3.0,3.0,5.0,5.0,5.0,5.0,10.0,10.0,10.0,10.0,10.0,0.0,0.0,5.0,27.5,0.0,100000.0,0.0,0.0,0.0
Motor_Vehicle_and_Parts_Dealers,5.0,5.0,7.0,5.0,5.0,5.0,5.0,5.0,5.0,5.0,15.0,5.0,5.0,5.0,5.0,15.0,5.0,5.0,5.0,5.0,10.0,7.0,5.0,7.0,5.0,5.0,5.0,5.0,5.0,5.0,5.0,5.0,5.0,39.0,39.0,39.0,7.0,39.0,39.0,20.0,20.0,5.0,5.0,20.0,15.0,15.0,7.0,7.0,39.0,39.0,39.0,39.0,7.0,20.0,39.0,20.0,25.0,15.0,7.0,2.0,5.0,1.0,10.0,10.0,5.0,1.0,3.0,3.0,5.0,5.0,5.0,5.0,10.0,10.0,10.0,10.0,10.0,0.0,0.0,5.0,27.5,0.0,100000.0,0.0,0.0,0.0
Food_and_Beverages_Stores,5.0,5.0,7.0,5.0,5.0,5.0,5.0,5.0,5.0,5.0,15.0,5.0,5.0,5.0,5.0,15.0,5.0,5.0,5.0,5.0,10.0,7.0,5.0,7.0,5.0,5.0,5.0,5.0,5.0,5.0,5.0,5.0,5.0,39.0,39.0,39.0,7.0,39.0,39.0,20.0,20.0,5.0,5.0,20.0,15.0,15.0,7.0,7.0,39.0,39.0,39.0,39.0,7.0,20.0,39.0,20.0,25.0,15.0,7.0,2.0,5.0,1.0,10.0,10.0,5.0,1.0,3.0,3.0,5.0,5.0,5.0,5.0,10.0,10.0,10.0,10.0,10.0,0.0,0.0,5.0,27.5,0.0,100000.0,0.0,0.0,0.0
General_Merchandise_Stores,5.0,5.0,7.0,5.0,5.0,5.0,5.0,5.0,5.0,5.0,15.0,5.0,5.0,5.0,5.0,15.0,5.0,5.0,5.0,5.0,10.0,7.0,5.0,7.0,5.0,5.0,5.0,5.0,5.0,5.0,5.0,5.0,5.0,39.0,39.0,39.0,7.0,39.0,39.0,20.0,20.0,5.0,5.0,20.0,15.0,15.0,7.0,7.0,39.0,39.0,39.0,39.0,7.0,20.0,39.0,20.0,25.0,15.0,7.0,2.0,5.0,1.0,10.0,10.0,5.0,1.0,3.0,3.0,5.0,5.0,5.0,5.0,10.0,10.0,10.0,10.0,10.0,0.0,0.0,5.0,27.5,0.0,100000.0,0.0,0.0,0.0
Gas_Stations,15.0,5.0,7.0,15.0,15.0,15.0,5.0,5.0,5.0,15.0,15.0,15.0,15.0,15.0,15.0,15.0,5.0,5.0,5.0,5.0,10.0,7.0,15.0,7.0,15.0,15.0,15.0,15.0,15.0,15.0,15.0,15.0,15.0,39.0,39.0,39.0,7.0,15.0,39.0,20.0,20.0,5.0,5.0,20.0,15.0,15.0,7.0,7.0,39.0,39.0,39.0,39.0,7.0,20.0,39.0,20.0,25.0,15.0,7.0,2.0,5.0,1.0,10.0,10.0,5.0,1.0,3.0,3.0,5.0,5.0,5.0,5.0,10.0,10.0,10.0,10.0,10.0,0.0,0.0,5.0,27.5,0.0,100000.0,0.0,0.0,0.0
Other_Non_Gas_Stations_Retail,5.0,5.0,7.0,5.0,5.0,5.0,5.0,5.0,5.0,5.0,15.0,5.0,5.0,5.0,5.0,15.0,5.0,5.0,5.0,5.0,10.0,7.0,5.0,7.0,5.0,5.0,5.0,5.0,5.0,5.0,5.0,5.0,5.0,39.0,39.0,39.0,7.0,39.0,39.0,20.0,20.0,5.0,5.0,20.0,15.0,15.0,7.0,7.0,39.0,39.0,39.0,39.0,7.0,20.0,39.0,20.0,25.0,15.0,7.0,2.0,5.0,1.0,10.0,10.0,5.0,1.0,3.0,3.0,5.0,5.0,5.0,5.0,10.0,10.0,10.0,10.0,10.0,0.0,0.0,5.0,27.5,0.0,100000.0,0.0,0.0,0.0
Air_Transportation,7.0,5.0,7.0,7.0,7.0,7.0,5.0,5.0,5.0,7.0,15.0,7.0,7.0,7.0,7.0,15.0,5.0,5.0,5.0,7.0,10.0,7.0,7.0,7.0,7.0,7.0,7.0,7.0,7.0,7.0,7.0,7.0,7.0,39.0,39.0,39.0,7.0,39.0,39.0,20.0,20.0,5.0,5.0,20.0,15.0,15.0,7.0,7.0,39.0,39.0,39.0,39.0,7.0,20.0,39.0,20.0,25.0,15.0,7.0,2.0,5.0,1.0,10.0,10.0,5.0,1.0,3.0,3.0,5.0,5.0,5.0,5.0,10.0,10.0,10.0,10.0,10.0,0.0,0.0,5.0,27.5,0.0,100000.0,0.0,0.0,0.0
Rail_Transportation,7.0,5.0,7.0,7.0,7.0,7.0,5.0,5.0,5.0,7.0,15.0,7.0,7.0,7.0,7.0,15.0,5.0,5.0,5.0,5.0,10.0,7.0,7.0,7.0,7.0,7.0,7.0,7.0,7.0,7.0,7.0,7.0,7.0,39.0,39.0,39.0,7.0,39.0,39.0,20.0,20.0,5.0,5.0,20.0,15.0,15.0,7.0,7.0,39.0,39.0,39.0,39.0,7.0,20.0,39.0,20.0,25.0,15.0,7.0,2.0,5.0,1.0,10.0,10.0,5.0,1.0,3.0,3.0,5.0,5.0,5.0,5.0,10.0,10.0,10.0,10.0,10.0,0.0,0.0,5.0,27.5,0.0,100000.0,0.0,0.0,0.0
Water_Transportation,15.0,5.0,7.0,15.0,15.0,15.0,5.0,5.0,5.0,15.0,15.0,15.0,15.0,15.0,15.0,15.0,5.0,5.0,5.0,5.0,10.0,7.0,15.0,7.0,15.0,15.0,15.0,15.0,15.0,15.0,15.0,15.0,15.0,39.0,39.0,39.0,7.0,39.0,39.0,20.0,20.0,5.0,5.0,20.0,15.0,15.0,7.0,7.0,39.0,39.0,39.0,39.0,7.0,20.0,39.0,20.0,25.0,15.0,7.0,2.0,5.0,1.0,10.0,10.0,5.0,1.0,3.0,3.0,5.0,5.0,5.0,5.0,10.0,10.0,10.0,10.0,10.0,0.0,0.0,5.0,27.5,0.0,100000.0,0.0,0.0,0.0
Truck_Transportation,5.0,5.0,7.0,5.0,5.0,5.0,5.0,5.0,5.0,5.0,15.0,5.0,5.0,5.0,5.0,15.0,5.0,5.0,5.0,5.0,10.0,7.0,5.0,7.0,5.0,5.0,5.0,5.0,5.0,5.0,5.0,5.0,5.0,39.0,39.0,39.0,7.0,39.0,39.0,20.0,20.0,5.0,5.0,20.0,15.0,15.0,7.0,7.0,39.0,39.0,39.0,39.0,7.0,20.0,39.0,20.0,25.0,15.0,7.0,2.0,5.0,1.0,10.0,10.0,5.0,1.0,3.0,3.0,5.0,5.0,5.0,5.0,10.0,10.0,10.0,10.0,10.0,0.0,0.0,5.0,27.5,0.0,100000.0,0.0,0.0,0.0
Transit_and_Ground_Passenger_Transportation,5.0,5.0,7.0,5.0,5.0,5.0,5.0,5.0,5.0,5.0,15.0,5.0,5.0,5.0,5.0,15.0,5.0,5.0,5.0,5.0,10.0,7.0,5.0,7.0,5.0,5.0,5.0,5.0,5.0,5.0,5.0,5.0,5.0,39.0,39.0,39.0,7.0,39.0,39.0,20.0,20.0,5.0,5.0,20.0,15.0,15.0,7.0,7.0,39.0,39.0,39.0,39.0,7.0,20.0,39.0,20.0,25.0,15.0,7.0,2.0,5.0,1.0,10.0,10.0,5.0,1.0,3.0,3.0,5.0,5.0,5.0,5.0,10.0,10.0,10.0,10.0,10.0,0.0,0.0,5.0,27.5,0.0,100000.0,0.0,0.0,0.0
Pipeline_Transportation,15.0,5.0,7.0,15.0,15.0,15.0,5.0,5.0,5.0,15.0,15.0,15.0,15.0,15.0,15.0,15.0,5.0,5.0,5.0,5.0,10.0,7.0,15.0,7.0,15.0,15.0,15.0,15.0,15.0,15.0,15.0,15.0,15.0,39.0,39.0,39.0,7.0,39.0,39.0,20.0,20.0,5.0,5.0,20.0,15.0,15.0,7.0,7.0,39.0,39.0,39.0,39.0,7.0,20.0,39.0,20.0,25.0,15.0,7.0,2.0,5.0,1.0,10.0,10.0,5.0,1.0,3.0,3.0,5.0,5.0,5.0,5.0,10.0,10.0,10.0,10.0,10.0,0.0,0.0,5.0,27.5,0.0,100000.0,0.0,0.0,0.0
Other_Transportation_and_Support_Activities,5.0,5.0,7.0,5.0,5.0,5.0,5.0,5.0,5.0,5.0,15.0,5.0,5.0,5.0,5.0,15.0,5.0,5.0,5.0,5.0,10.0,7.0,5.0,7.0,5.0,5.0,5.0,5.0,5.0,5.0,5.0,5.0,5.0,39.0,39.0,39.0,7.0,39.0,39.0,20.0,20.0,5.0,5.0,20.0,15.0,15.0,7.0,7.0,39.0,39.0,39.0,39.0,7.0,20.0,39.0,20.0,25.0,15.0,7.0,2.0,5.0,1.0,10.0,10.0,5.0,1.0,3.0,3.0,5.0,5.0,5.0,5.0,10.0,10.0,10.0,10.0,10.0,0.0,0.0,5.0,27.5,0.0,100000.0,0.0,0.0,0.0
Warehousing_and_Storage,5.0,5.0,7.0,5.0,5.0,5.0,5.0,5.0,5.0,5.0,15.0,5.0,5.0,5.0,5.0,15.0,5.0,5.0,5.0,5.0,10.0,7.0,5.0,7.0,5.0,5.0,5.0,5.0,5.0,5.0,5.0,5.0,5.0,39.0,39.0,39.0,7.0,39.0,39.0,20.0,20.0,5.0,5.0,20.0,15.0,15.0,7.0,7.0,39.0,39.0,39.0,39.0,7.0,20.0,39.0,20.0,25.0,15.0,7.0,2.0,5.0,1.0,10.0,10.0,5.0,1.0,3.0,3.0,5.0,5.0,5.0,5.0,10.0,10.0,10.0,10.0,10.0,0.0,0.0,5.0,27.5,0.0,100000.0,0.0,0.0,0.0
Publishing_Industries_(Except_Internet),7.0,5.0,7.0,7.0,7.0,7.0,5.0,5.0,5.0,7.0,15.0,7.0,7.0,7.0,7.0,15.0,5.0,5.0,5.0,5.0,10.0,7.0,7.0,7.0,7.0,7.0,7.0,7.0,7.0,7.0,7.0,7.0,7.0,39.0,39.0,39.0,7.0,39.0,39.0,20.0,20.0,5.0,5.0,20.0,15.0,15.0,7.0,7.0,39.0,39.0,39.0,39.0,7.0,20.0,39.0,20.0,25.0,15.0,7.0,2.0,5.0,1.0,10.0,10.0,5.0,1.0,3.0,3.0,5.0,5.0,5.0,5.0,10.0,10.0,10.0,10.0,10.0,0.0,0.0,5.0,27.5,0.0,100000.0,0.0,0.0,0.0
Movie_Theaters,7.0,5.0,7.0,7.0,7.0,7.0,5.0,5.0,5.0,7.0,15.0,7.0,7.0,7.0,7.0,15.0,5.0,5.0,5.0,5.0,10.0,7.0,7.0,7.0,7.0,7.0,7.0,7.0,7.0,7.0,7.0,7.0,7.0,39.0,39.0,39.0,7.0,39.0,39.0,20.0,20.0,5.0,5.0,20.0,15.0,15.0,7.0,7.0,39.0,39.0,39.0,39.0,7.0,20.0,39.0,20.0,25.0,7.0,7.0,2.0,5.0,1.0,10.0,10.0,5.0,1.0,3.0,3.0,5.0,5.0,5.0,5.0,10.0,10.0,10.0,10.0,10.0,0.0,0.0,5.0,27.5,0.0,100000.0,0.0,0.0,0.0
Other_Motion_Picture_and_Sound_Recording,5.0,5.0,7.0,5.0,5.0,5.0,5.0,5.0,5.0,5.0,15.0,5.0,5.0,5.0,5.0,15.0,5.0,5.0,5.0,5.0,10.0,7.0,5.0,7.0,5.0,5.0,5.0,5.0,5.0,5.0,5.0,5.0,5.0,39.0,39.0,39.0,7.0,39.0,39.0,20.0,20.0,5.0,5.0,20.0,15.0,15.0,7.0,7.0,39.0,39.0,39.0,39.0,7.0,20.0,39.0,20.0,25.0,15.0,7.0,2.0,5.0,1.0,10.0,10.0,5.0,1.0,3.0,3.0,5.0,5.0,5.0,5.0,10.0,10.0,10.0,10.0,10.0,0.0,0.0,5.0,27.5,0.0,100000.0,0.0,0.0,0.0
Broadcasting_(Except_Internet)_and_Telecommunications,5.0,5.0,7.0,5.0,5.0,5.0,5.0,5.0,5.0,5.0,15.0,5.0,5.0,5.0,5.0,15.0,5.0,5.0,5.0,5.0,10.0,7.0,5.0,7.0,5.0,5.0,5.0,5.0,5.0,5.0,5.0,5.0,5.0,39.0,39.0,39.0,7.0,39.0,39.0,20.0,20.0,5.0,5.0,20.0,15.0,15.0,7.0,7.0,39.0,39.0,39.0,39.0,7.0,20.0,39.0,20.0,25.0,15.0,7.0,2.0,5.0,1.0,10.0,10.0,5.0,1.0,3.0,3.0,5.0,5.0,5.0,5.0,10.0,10.0,10.0,10.0,10.0,0.0,0.0,5.0,27.5,0.0,100000.0,0.0,0.0,0.0
Telephone_Communication,10.0,5.0,7.0,10.0,10.0,10.0,5.0,5.0,5.0,10.0,15.0,10.0,10.0,10.0,10.0,15.0,5.0,5.0,5.0,5.0,10.0,7.0,10.0,7.0,10.0,10.0,10.0,10.0,10.0,10.0,10.0,10.0,10.0,20.0,39.0,39.0,7.0,20.0,39.0,20.0,20.0,5.0,5.0,20.0,15.0,15.0,7.0,7.0,39.0,39.0,39.0,39.0,7.0,20.0,39.0,20.0,25.0,15.0,7.0,2.0,5.0,1.0,10.0,10.0,5.0,1.0,3.0,3.0,5.0,5.0,5.0,5.0,10.0,10.0,10.0,10.0,10.0,0.0,0.0,5.0,27.5,0.0,100000.0,0.0,0.0,0.0
Cable_Television,7.0,5.0,5.0,7.0,7.0,7.0,5.0,5.0,5.0,7.0,15.0,7.0,7.0,7.0,7.0,15.0,5.0,5.0,5.0,5.0,10.0,7.0,7.0,7.0,7.0,7.0,7.0,7.0,7.0,7.0,7.0,7.0,7.0,39.0,39.0,39.0,7.0,39.0,39.0,20.0,20.0,5.0,5.0,20.0,15.0,7.0,7.0,7.0,39.0,39.0,39.0,39.0,7.0,20.0,39.0,20.0,25.0,15.0,7.0,2.0,5.0,1.0,10.0,10.0,5.0,1.0,3.0,3.0,5.0,5.0,5.0,5.0,10.0,10.0,10.0,10.0,10.0,0.0,0.0,5.0,27.5,0.0,100000.0,0.0,0.0,0.0
Other_Telecommunication,7.0,5.0,7.0,7.0,7.0,7.0,5.0,5.0,5.0,7.0,15.0,7.0,7.0,7.0,7.0,10.0,5.0,5.0,5.0,5.0,10.0,7.0,7.0,7.0,7.0,7.0,7.0,7.0,7.0,7.0,7.0,7.0,7.0,39.0,39.0,39.0,7.0,39.0,39.0,10.0,10.0,5.0,5.0,20.0,15.0,7.0,7.0,7.0,39.0,39.0,39.0,39.0,7.0,20.0,39.0,20.0,25.0,15.0,7.0,2.0,5.0,1.0,10.0,10.0,5.0,1.0,3.0,3.0,5.0,5.0,5.0,5.0,10.0,10.0,10.0,10.0,10.0,0.0,0.0,5.0,27.5,0.0,100000.0,0.0,0.0,0.0
Information_and_Data_Processing,5.0,5.0,7.0,5.0,5.0,5.0,5.0,5.0,5.0,5.0,15.0,5.0,5.0,5.0,5.0,15.0,5.0,5.0,5.0,5.0,10.0,7.0,5.0,7.0,5.0,5.0,5.0,5.0,5.0,5.0,5.0,5.0,5.0,39.0,39.0,39.0,7.0,39.0,39.0,20.0,20.0,5.0,5.0,20.0,15.0,15.0,7.0,7.0,39.0,39.0,39.0,39.0,7.0,20.0,39.0,20.0,25.0,15.0,7.0,2.0,5.0,1.0,10.0,10.0,5.0,1.0,3.0,3.0,5.0,5.0,5.0,5.0,10.0,10.0,10.0,10.0,10.0,0.0,0.0,5.0,27.5,0.0,100000.0,0.0,0.0,0.0
Depository_Credit_Intermediation,5.0,5.0,7.0,5.0,5.0,5.0,5.0,5.0,5.0,5.0,15.0,5.0,5.0,5.0,5.0,15.0,5.0,5.0,5.0,5.0,10.0,7.0,5.0,7.0,5.0,5.0,5.0,5.0,5.0,5.0,5.0,5.0,5.0,39.0,39.0,39.0,7.0,39.0,39.0,20.0,20.0,5.0,5.0,20.0,15.0,15.0,7.0,7.0,39.0,39.0,39.0,39.0,7.0,20.0,39.0,20.0,25.0,15.0,7.0,2.0,5.0,1.0,10.0,10.0,5.0,1.0,3.0,3.0,5.0,5.0,5.0,5.0,10.0,10.0,10.0,10.0,10.0,0.0,0.0,5.0,27.5,0.0,100000.0,0.0,0.0,0.0
Other_Intermediation,5.0,5.0,7.0,5.0,5.0,5.0,5.0,5.0,5.0,5.0,15.0,5.0,5.0,5.0,5.0,15.0,5.0,5.0,5.0,5.0,10.0,7.0,5.0,7.0,5.0,5.0,5.0,5.0,5.0,5.0,5.0,5.0,5.0,39.0,39.0,39.0,7.0,39.0,39.0,20.0,20.0,5.0,5.0,20.0,15.0,15.0,7.0,7.0,39.0,39.0,39.0,39.0,7.0,20.0,39.0,20.0,25.0,15.0,7.0,2.0,5.0,1.0,10.0,10.0,5.0,1.0,3.0,3.0,5.0,5.0,5.0,5.0,10.0,10.0,10.0,10.0,10.0,0.0,0.0,5.0,27.5,0.0,100000.0,0.0,0.0,0.0
Nondepository_Credit_Intermediation,5.0,5.0,7.0,5.0,5.0,5.0,5.0,5.0,5.0,5.0,15.0,5.0,5.0,5.0,5.0,15.0,5.0,5.0,5.0,5.0,10.0,7.0,5.0,7.0,5.0,5.0,5.0,5.0,5.0,5.0,5.0,5.0,5.0,39.0,39.0,39.0,7.0,39.0,39.0,20.0,20.0,5.0,5.0,20.0,15.0,15.0,7.0,7.0,39.0,39.0,39.0,39.0,7.0,20.0,39.0,20.0,25.0,15.0,7.0,2.0,5.0,1.0,10.0,10.0,5.0,1.0,3.0,3.0,5.0,5.0,5.0,5.0,10.0,10.0,10.0,10.0,10.0,0.0,0.0,5.0,27.5,0.0,100000.0,0.0,0.0,0.0
"Securities,_Commodity_Contracts,_and_Other_Financial_Investments_and_Related_Activities",5.0,5.0,7.0,5.0,5.0,5.0,5.0,5.0,5.0,5.0,15.0,5.0,5.0,5.0,5.0,15.0,5.0,5.0,5.0,5.0,10.0,7.0,5.0,7.0,5.0,5.0,5.0,5.0,5.0,5.0,5.0,5.0,5.0,39.0,39.0,39.0,7.0,39.0,39.0,20.0,20.0,5.0,5.0,20.0,15.0,15.0,7.0,7.0,39.0,39.0,39.0,39.0,7.0,20.0,39.0,20.0,25.0,15.0,7.0,2.0,5.0,1.0,10.0,10.0,5.0,1.0,3.0,3.0,5.0,5.0,5.0,5.0,10.0,10.0,10.0,10.0,10.0,0.0,0.0,5.0,27.5,0.0,100000.0,0.0,0.0,0.0
Insurance_Carriers,5.0,5.0,7.0,5.0,5.0,5.0,5.0,5.0,5.0,5.0,15.0,5.0,5.0,5.0,5.0,15.0,5.0,5.0,5.0,5.0,10.0,7.0,5.0,7.0,5.0,5.0,5.0,5.0,5.0,5.0,5.0,5.0,5.0,39.0,39.0,39.0,7.0,39.0,39.0,20.0,20.0,5.0,5.0,20.0,15.0,15.0,7.0,7.0,39.0,39.0,39.0,39.0,7.0,20.0,39.0,20.0,25.0,15.0,7.0,2.0,5.0,1.0,10.0,10.0,5.0,1.0,3.0,3.0,5.0,5.0,5.0,5.0,10.0,10.0,10.0,10.0,10.0,0.0,0.0,5.0,27.5,0.0,100000.0,0.0,0.0,0.0
Insurance_Agencies_and_Brokers_and_Related_Services,5.0,5.0,7.0,5.0,5.0,5.0,5.0,5.0,5.0,5.0,15.0,5.0,5.0,5.0,5.0,15.0,5.0,5.0,5.0,5.0,10.0,7.0,5.0,7.0,5.0,5.0,5.0,5.0,5.0,5.0,5.0,5.0,5.0,39.0,39.0,39.0,7.0,39.0,39.0,20.0,20.0,5.0,5.0,20.0,15.0,15.0,7.0,7.0,39.0,39.0,39.0,39.0,7.0,20.0,39.0,20.0,25.0,15.0,7.0,2.0,5.0,1.0,10.0,10.0,5.0,1.0,3.0,3.0,5.0,5.0,5.0,5.0,10.0,10.0,10.0,10.0,10.0,0.0,0.0,5.0,27.5,0.0,100000.0,0.0,0.0,0.0
"Funds,_Trusts,_and_Other_Financial_Vehicles_",5.0,5.0,7.0,5.0,5.0,5.0,5.0,5.0,5.0,5.0,15.0,5.0,5.0,5.0,5.0,15.0,5.0,5.0,5.0,5.0,10.0,7.0,5.0,7.0,5.0,5.0,5.0,5.0,5.0,5.0,5.0,5.0,5.0,39.0,39.0,39.0,7.0,39.0,39.0,20.0,20.0,5.0,5.0,20.0,15.0,15.0,7.0,7.0,39.0,39.0,39.0,39.0,7.0,20.0,39.0,20.0,25.0,15.0,7.0,2.0,5.0,1.0,10.0,10.0,5.0,1.0,3.0,3.0,5.0,5.0,5.0,5.0,10.0,10.0,10.0,10.0,10.0,0.0,0.0,5.0,27.5,0.0,100000.0,0.0,0.0,0.0
Real_Estate,5.0,5.0,7.0,5.0,5.0,5.0,5.0,5.0,5.0,5.0,15.0,5.0,5.0,5.0,5.0,15.0,5.0,5.0,5.0,5.0,10.0,7.0,5.0,7.0,5.0,5.0,5.0,5.0,5.0,5.0,5.0,5.0,5.0,39.0,39.0,39.0,7.0,39.0,39.0,20.0,20.0,5.0,5.0,20.0,15.0,15.0,7.0,7.0,39.0,39.0,39.0,39.0,7.0,20.0,39.0,20.0,25.0,15.0,7.0,2.0,5.0,1.0,10.0,10.0,5.0,1.0,3.0,3.0,5.0,5.0,5.0,5.0,10.0,10.0,10.0,10.0,10.0,0.0,0.0,5.0,27.5,0.0,100000.0,0.0,0.0,0.0
Rental_and_Leasing_(Including_Nonfinancial_Intangibles),5.0,5.0,7.0,5.0,5.0,5.0,5.0,5.0,5.0,5.0,15.0,5.0,5.0,5.0,5.0,15.0,5.0,5.0,5.0,5.0,10.0,7.0,5.0,7.0,5.0,5.0,5.0,5.0,5.0,5.0,5.0,5.0,5.0,39.0,39.0,39.0,7.0,39.0,39.0,20.0,20.0,5.0,5.0,20.0,15.0,15.0,7.0,7.0,39.0,39.0,39.0,39.0,7.0,20.0,39.0,20.0,25.0,15.0,7.0,2.0,5.0,1.0,10.0,10.0,5.0,1.0,3.0,3.0,5.0,5.0,5.0,5.0,10.0,10.0,10.0,10.0,10.0,0.0,0.0,5.0,27.5,0.0,100000.0,0.0,0.0,0.0
Legal_Services,5.0,5.0,7.0,5.0,5.0,5.0,5.0,5.0,5.0,5.0,15.0,5.0,5.0,5.0,5.0,15.0,5.0,5.0,5.0,5.0,10.0,7.0,5.0,7.0,5.0,5.0,5.0,5.0,5.0,5.0,5.0,5.0,5.0,39.0,39.0,39.0,7.0,39.0,39.0,20.0,20.0,5.0,5.0,20.0,15.0,15.0,7.0,7.0,39.0,39.0,39.0,39.0,7.0,20.0,39.0,20.0,25.0,15.0,7.0,2.0,5.0,1.0,10.0,10.0,5.0,1.0,3.0,3.0,5.0,5.0,5.0,5.0,10.0,10.0,10.0,10.0,10.0,0.0,0.0,5.0,27.5,0.0,100000.0,0.0,0.0,0.0
Computer_Systems_Design_and_Related_Services,5.0,5.0,7.0,5.0,5.0,5.0,5.0,5.0,5.0,5.0,15.0,5.0,5.0,5.0,5.0,15.0,5.0,5.0,5.0,5.0,10.0,7.0,5.0,7.0,5.0,5.0,5.0,5.0,5.0,5.0,5.0,5.0,5.0,39.0,39.0,39.0,7.0,39.0,39.0,20.0,20.0,5.0,5.0,20.0,15.0,15.0,7.0,7.0,39.0,39.0,39.0,39.0,7.0,20.0,39.0,20.0,25.0,15.0,7.0,2.0,5.0,1.0,10.0,10.0,5.0,1.0,3.0,3.0,5.0,5.0,5.0,5.0,10.0,10.0,10.0,10.0,10.0,0.0,0.0,5.0,27.5,0.0,100000.0,0.0,0.0,0.0
"Other_Professional,_Scientific,_and_Technical_Services",5.0,5.0,7.0,5.0,5.0,5.0,5.0,5.0,5.0,5.0,15.0,5.0,5.0,5.0,5.0,15.0,5.0,5.0,5.0,5.0,10.0,7.0,5.0,7.0,5.0,5.0,5.0,5.0,5.0,5.0,5.0,5.0,5.0,39.0,39.0,39.0,7.0,39.0,39.0,20.0,20.0,5.0,5.0,20.0,15.0,15.0,7.0,7.0,39.0,39.0,39.0,39.0,7.0,20.0,39.0,20.0,25.0,15.0,7.0,2.0,5.0,1.0,10.0,10.0,5.0,1.0,3.0,3.0,5.0,5.0,5.0,5.0,10.0,10.0,10.0,10.0,10.0,0.0,0.0,5.0,27.5,0.0,100000.0,0.0,0.0,0.0
Management_Of_Companies_and_Enterprises,5.0,5.0,7.0,5.0,5.0,5.0,5.0,5.0,5.0,5.0,15.0,5.0,5.0,5.0,5.0,15.0,5.0,5.0,5.0,5.0,10.0,7.0,5.0,7.0,5.0,5.0,5.0,5.0,5.0,5.0,5.0,5.0,5.0,39.0,39.0,39.0,7.0,39.0,39.0,20.0,20.0,5.0,5.0,20.0,15.0,15.0,7.0,7.0,39.0,39.0,39.0,39.0,7.0,20.0,39.0,20.0,25.0,15.0,7.0,2.0,5.0,1.0,10.0,10.0,5.0,1.0,3.0,3.0,5.0,5.0,5.0,5.0,10.0,10.0,10.0,10.0,10.0,0.0,0.0,5.0,27.5,0.0,100000.0,0.0,0.0,0.0
Administrative_and_Support_Services,5.0,5.0,7.0,5.0,5.0,5.0,5.0,5.0,5.0,5.0,15.0,5.0,5.0,5.0,5.0,15.0,5.0,5.0,5.0,5.0,10.0,7.0,5.0,7.0,5.0,5.0,5.0,5.0,5.0,5.0,5.0,5.0,5.0,39.0,39.0,39.0,7.0,39.0,39.0,20.0,20.0,5.0,5.0,20.0,15.0,15.0,7.0,7.0,39.0,39.0,39.0,39.0,7.0,20.0,39.0,20.0,25.0,15.0,7.0,2.0,5.0,1.0,10.0,10.0,5.0,1.0,3.0,3.0,5.0,5.0,5.0,5.0,10.0,10.0,10.0,10.0,10.0,0.0,0.0,5.0,27.5,0.0,100000.0,0.0,0.0,0.0
Waste_Management_and_Remediation_Services,5.0,5.0,7.0,5.0,5.0,5.0,5.0,5.0,5.0,5.0,15.0,5.0,5.0,5.0,5.0,15.0,5.0,5.0,5.0,5.0,10.0,7.0,5.0,7.0,5.0,5.0,5.0,5.0,5.0,5.0,5.0,5.0,5.0,39.0,39.0,39.0,7.0,39.0,39.0,7.0,7.0,5.0,5.0,20.0,15.0,15.0,7.0,7.0,39.0,39.0,39.0,39.0,7.0,20.0,39.0,20.0,25.0,7.0,7.0,2.0,5.0,1.0,10.0,10.0,5.0,1.0,3.0,3.0,5.0,5.0,5.0,5.0,10.0,10.0,10.0,10.0,10.0,0.0,0.0,5.0,27.5,0.0,100000.0,0.0,0.0,0.0
Educational_Services,5.0,5.0,7.0,5.0,5.0,5.0,5.0,5.0,5.0,5.0,15.0,5.0,5.0,5.0,5.0,15.0,5.0,5.0,5.0,5.0,10.0,7.0,5.0,7.0,5.0,5.0,5.0,5.0,5.0,5.0,5.0,5.0,5.0,39.0,39.0,39.0,7.0,39.0,39.0,20.0,20.0,5.0,5.0,20.0,15.0,15.0,7.0,7.0,39.0,39.0,39.0,39.0,7.0,20.0,39.0,20.0,25.0,15.0,7.0,2.0,5.0,1.0,10.0,10.0,5.0,1.0,3.0,3.0,5.0,5.0,5.0,5.0,10.0,10.0,10.0,10.0,10.0,0.0,0.0,5.0,27.5,0.0,100000.0,0.0,0.0,0.0
Ambulatory_Health_Care_Services,5.0,5.0,7.0,5.0,5.0,5.0,5.0,5.0,5.0,5.0,15.0,5.0,5.0,5.0,5.0,15.0,5.0,5.0,5.0,5.0,10.0,7.0,5.0,7.0,5.0,5.0,5.0,5.0,5.0,5.0,5.0,5.0,5.0,39.0,39.0,39.0,7.0,39.0,39.0,20.0,20.0,5.0,5.0,20.0,15.0,15.0,7.0,7.0,39.0,39.0,39.0,39.0,7.0,20.0,39.0,20.0,25.0,15.0,7.0,2.0,5.0,1.0,10.0,10.0,5.0,1.0,3.0,3.0,5.0,5.0,5.0,5.0,10.0,10.0,10.0,10.0,10.0,0.0,0.0,5.0,27.5,0.0,100000.0,0.0,0.0,0.0
Hospitals,5.0,5.0,7.0,5.0,5.0,5.0,5.0,5.0,5.0,5.0,15.0,5.0,5.0,5.0,5.0,15.0,5.0,5.0,5.0,5.0,10.0,7.0,5.0,7.0,5.0,5.0,5.0,5.0,5.0,5.0,5.0,5.0,5.0,39.0,39.0,39.0,7.0,39.0,39.0,20.0,20.0,5.0,5.0,20.0,15.0,15.0,7.0,7.0,39.0,39.0,39.0,39.0,7.0,20.0,39.0,20.0,25.0,15.0,7.0,2.0,5.0,1.0,10.0,10.0,5.0,1.0,3.0,3.0,5.0,5.0,5.0,5.0,10.0,10.0,10.0,10.0,10.0,0.0,0.0,5.0,27.5,0.0,100000.0,0.0,0.0,0.0
Nursing_and_Residential_Care_Facilities,5.0,5.0,7.0,5.0,5.0,5.0,5.0,5.0,5.0,5.0,15.0,5.0,5.0,5.0,5.0,15.0,5.0,5.0,5.0,5.0,10.0,7.0,5.0,7.0,5.0,5.0,5.0,5.0,5.0,5.0,5.0,5.0,5.0,39.0,39.0,39.0,7.0,39.0,39.0,20.0,20.0,5.0,5.0,20.0,15.0,15.0,7.0,7.0,39.0,39.0,39.0,39.0,7.0,20.0,39.0,20.0,25.0,15.0,7.0,2.0,5.0,1.0,10.0,10.0,5.0,1.0,3.0,3.0,5.0,5.0,5.0,5.0,10.0,10.0,10.0,10.0,10.0,0.0,0.0,5.0,27.5,0.0,100000.0,0.0,0.0,0.0
Social_Assistance,5.0,5.0,7.0,5.0,5.0,5.0,5.0,5.0,5.0,5.0,15.0,5.0,5.0,5.0,5.0,15.0,5.0,5.0,5.0,5.0,10.0,7.0,5.0,7.0,5.0,5.0,5.0,5.0,5.0,5.0,5.0,5.0,5.0,39.0,39.0,39.0,7.0,39.0,39.0,20.0,20.0,5.0,5.0,20.0,15.0,15.0,7.0,7.0,39.0,39.0,39.0,39.0,7.0,20.0,39.0,20.0,25.0,15.0,7.0,2.0,5.0,1.0,10.0,10.0,5.0,1.0,3.0,3.0,5.0,5.0,5.0,5.0,10.0,10.0,10.0,10.0,10.0,0.0,0.0,5.0,27.5,0.0,100000.0,0.0,0.0,0.0
"Independent_Artists,_Writers,_and_Performers",5.0,5.0,7.0,5.0,5.0,5.0,5.0,5.0,5.0,5.0,15.0,5.0,5.0,5.0,5.0,15.0,5.0,5.0,5.0,5.0,10.0,7.0,5.0,7.0,5.0,5.0,5.0,5.0,5.0,5.0,5.0,5.0,5.0,39.0,39.0,39.0,7.0,39.0,39.0,20.0,20.0,5.0,5.0,20.0,15.0,15.0,7.0,7.0,39.0,39.0,39.0,39.0,7.0,20.0,39.0,20.0,25.0,15.0,7.0,2.0,5.0,1.0,10.0,10.0,5.0,1.0,3.0,3.0,5.0,5.0,5.0,5.0,10.0,10.0,10.0,10.0,10.0,0.0,0.0,5.0,27.5,0.0,100000.0,0.0,0.0,0.0
"Other_Performing_Arts,_Spectator_Sports,_Museums,_and_Related_Activities",5.0,5.0,7.0,5.0,5.0,5.0,5.0,5.0,5.0,5.0,15.0,5.0,5.0,5.0,5.0,15.0,5.0,5.0,5.0,5.0,10.0,7.0,5.0,7.0,5.0,5.0,5.0,5.0,5.0,5.0,5.0,5.0,5.0,39.0,39.0,39.0,7.0,39.0,39.0,20.0,20.0,5.0,5.0,20.0,15.0,15.0,7.0,7.0,39.0,39.0,39.0,39.0,7.0,20.0,39.0,20.0,25.0,15.0,7.0,2.0,5.0,1.0,10.0,10.0,5.0,1.0,3.0,3.0,5.0,5.0,5.0,5.0,1.0,1.0,1.0,1.0,1.0,0.0,0.0,5.0,27.5,0.0,100000.0,0.0,0.0,0.0
Amusement_Parks,7.0,5.0,7.0,7.0,7.0,7.0,5.0,5.0,5.0,7.0,15.0,7.0,7.0,7.0,7.0,15.0,5.0,5.0,5.0,5.0,10.0,7.0,7.0,7.0,7.0,7.0,7.0,7.0,7.0,7.0,7.0,7.0,7.0,39.0,39.0,39.0,7.0,39.0,39.0,20.0,20.0,5.0,5.0,20.0,15.0,15.0,7.0,7.0,39.0,39.0,39.0,7.0,7.0,20.0,39.0,20.0,25.0,7.0,7.0,2.0,5.0,1.0,10.0,10.0,5.0,1.0,3.0,3.0,5.0,5.0,5.0,5.0,10.0,10.0,10.0,10.0,10.0,0.0,0.0,5.0,27.5,0.0,100000.0,0.0,0.0,0.0
Gambling_and_Bowling,7.0,5.0,7.0,7.0,7.0,7.0,5.0,5.0,5.0,7.0,15.0,7.0,7.0,7.0,7.0,15.0,5.0,5.0,5.0,5.0,10.0,7.0,7.0,7.0,7.0,7.0,7.0,7.0,7.0,7.0,7.0,7.0,7.0,39.0,39.0,39.0,7.0,39.0,39.0,20.0,20.0,5.0,5.0,20.0,15.0,15.0,7.0,7.0,39.0,39.0,39.0,39.0,7.0,20.0,39.0,20.0,25.0,7.0,7.0,2.0,5.0,1.0,10.0,10.0,5.0,1.0,3.0,3.0,5.0,5.0,5.0,5.0,10.0,10.0,10.0,10.0,10.0,0.0,0.0,5.0,27.5,0.0,100000.0,0.0,0.0,0.0
Other_Recreation_Services,5.0,5.0,7.0,5.0,5.0,5.0,5.0,5.0,5.0,5.0,15.0,5.0,5.0,5.0,5.0,15.0,5.0,5.0,5.0,5.0,10.0,7.0,5.0,7.0,5.0,5.0,5.0,5.0,5.0,5.0,5.0,5.0,5.0,39.0,39.0,39.0,7.0,39.0,39.0,20.0,20.0,5.0,5.0,20.0,15.0,15.0,7.0,7.0,39.0,39.0,39.0,39.0,7.0,20.0,39.0,20.0,25.0,15.0,7.0,2.0,5.0,1.0,10.0,10.0,5.0,1.0,3.0,3.0,5.0,5.0,5.0,5.0,10.0,10.0,10.0,10.0,10.0,0.0,0.0,5.0,27.5,0.0,100000.0,0.0,0.0,0.0
Accomodation,5.0,5.0,7.0,5.0,5.0,5.0,5.0,5.0,5.0,5.0,15.0,5.0,5.0,5.0,5.0,15.0,5.0,5.0,5.0,5.0,10.0,7.0,5.0,7.0,5.0,5.0,5.0,5.0,5.0,5.0,5.0,5.0,5.0,39.0,39.0,39.0,7.0,39.0,39.0,20.0,20.0,5.0,5.0,20.0,15.0,15.0,7.0,7.0,39.0,39.0,39.0,39.0,7.0,20.0,39.0,20.0,25.0,15.0,7.0,2.0,5.0,1.0,10.0,10.0,5.0,1.0,3.0,3.0,5.0,5.0,5.0,5.0,10.0,10.0,10.0,10.0,10.0,0.0,0.0,5.0,27.5,0.0,100000.0,0.0,0.0,0.0
Food_Services_and_Drinking_Places,5.0,5.0,7.0,5.0,5.0,5.0,5.0,5.0,5.0,5.0,15.0,5.0,5.0,5.0,5.0,15.0,5.0,5.0,5.0,5.0,10.0,7.0,5.0,7.0,5.0,5.0,5.0,5.0,5.0,5.0,5.0,5.0,5.0,39.0,39.0,39.0,7.0,39.0,39.0,20.0,20.0,5.0,5.0,20.0,15.0,15.0,7.0,7.0,39.0,39.0,39.0,39.0,7.0,20.0,39.0,20.0,25.0,15.0,7.0,2.0,5.0,1.0,10.0,10.0,5.0,1.0,3.0,3.0,5.0,5.0,5.0,5.0,10.0,10.0,10.0,10.0,10.0,0.0,0.0,5.0,27.5,0.0,100000.0,0.0,0.0,0.0
Other_Services_(Except_Public_Administration),5.0,5.0,7.0,5.0,5.0,5.0,5.0,5.0,5.0,5.0,15.0,5.0,5.0,5.0,5.0,15.0,5.0,5.0,5.0,5.0,10.0,7.0,5.0,7.0,5.0,5.0,5.0,5.0,5.0,5.0,5.0,5.0,5.0,39.0,39.0,39.0,7.0,39.0,39.0,20.0,20.0,5.0,5.0,20.0,15.0,15.0,7.0,7.0,39.0,39.0,39.0,39.0,7.0,20.0,39.0,20.0,25.0,15.0,7.0,2.0,5.0,1.0,10.0,10.0,5.0,1.0,3.0,3.0,5.0,5.0,5.0,5.0,10.0,10.0,10.0,10.0,10.0,0.0,0.0,5.0,27.5,0.0,100000.0,0.0,0.0,0.0
Owner-occupied_Housing,100000.0,100000.0,100000.0,100000.0,100000.0,100000.0,100000.0,100000.0,100000.0,100000.0,100000.0,100000.0,100000.0,100000.0,100000.0,100000.0,100000.0,100000.0,100000.0,100000.0,100000.0,100000.0,100000.0,100000.0,100000.0,100000.0,100000.0,100000.0,100000.0,100000.0,100000.0,100000.0,100000.0,100000.0,100000.0,100000.0,100000.0,100000.0,100000.0,100000.0,100000.0,100000.0,100000.0,100000.0,100000.0,100000.0,100000.0,100000.0,100000.0,100000.0,100000.0,100000.0,100000.0,100000.0,100000.0,100000.0,100000.0,100000.0,100000.0,100000.0,100000.0,100000.0,100000.0,100000.0,100000.0,100000.0,100000.0,100000.0,100000.0,100000.0,100000.0,100000.0,100000.0,100000.0,100000.0,100000.0,100000.0,100000.0,100000.0,100000.0,100000.0,0.0,100000.0,100000.0,100000.0,100000.0
